ID,Year,Program,Class,The class presents a good challenge for me.,The amount of time and energy I spend on this class is proportional to how much I learn.,I understand the purpose of what we do in this class: both in and outside the classroom.,I trust the teacher.,I feel I can approach the teacher when I need something.,I feel safe and comfortable in the class.,I feel comfortable speaking up in the class.,The teacher's expectations of my performance are clearly communicated.,"I know where to look for homework, and the learning materials shared by the teacher.",The information on my academic standing that I receive during the term provides me with sufficient information. ,The feedback on my work during the term allows me to improve.,The teacher is open to my feedback ,I want to learn as much as possible in this class.,I want to get the best mark/grade.,I just want to pass the class.,Class size,Respondents,Response rate (%),Comments
38,Year 3,4-year,AP 2-D Art,10,7,9,10,10,9,6,4,8,9,9,9,10,8,0,8,7,88,art gud
39,Year 3,4-year,AP 2-D Art,8,10,9,10,10,9,10,10,9,10,10,10,10,9,2,8,7,88,Miško is a great teacher that helps me actually do the work!! 
44,Year 3,4-year,AP 2-D Art,10,7,10,6,6,8,8,8,10,3,10,8,10,10,6,8,7,88,
47,Year 3,4-year,AP 2-D Art,7,7,8,9,9,10,9,4,9,8,7,9,10,9,2,8,7,88,"Miško is a great teacher :)) I as student would maybe just appreciate a bit more of a direct feedback sometimes. But we haven't started working properly on the portfolios just yet, so let's see how that goes."
55,Year 3,4-year,AP 2-D Art,9,6,9,10,9,10,8,10,10,10,10,10,9,8,5,8,7,88,
114,Year 4,2-year,AP 2-D Art,9,8,10,9,10,8,10,8,10,7,7,10,10,9,3,8,7,88,
115,Year 4,2-year,AP 2-D Art,8,9,9,10,9,8,9,7,10,10,9,9,10,10,2,8,7,88,"2D art is very chill class for me, the atmosphere is very nice and welcoming and easy to talk in the class. he is straightforward with us and we know what we are doing"
60,Year 3,2-year,AP Art History,10,10,10,10,10,10,10,10,10,10,10,10,10,10,0,8,8,100,
73,Year 3,2-year,AP Art History,9,9,10,10,10,10,9,8,10,9,8,10,9,10,4,8,8,100,
76,Year 3,2-year,AP Art History,10,10,10,10,10,10,10,10,10,10,8,10,10,10,3,8,8,100,
38,Year 3,4-year,AP Art History,10,9,7,10,10,10,10,9,10,8,8,8,10,6,8,8,8,100,
47,Year 3,4-year,AP Art History,9,9,9,9,9,9,7,8,9,8,8,8,9,8,2,8,8,100,
51,Year 3,4-year,AP Art History,8,9,10,8,8,8,8,7,10,4,8,8,10,10,10,8,8,100,
56,Year 3,4-year,AP Art History,8,8,10,10,10,10,10,10,10,4,5,7,10,10,0,8,8,100,
78,Year 4,4-year,AP Art History,7,8,8,9,10,10,10,7,7,7,6,9,9,10,0,8,8,100,
59,Year 3,2-year,AP BIO,10,10,8,9,10,10,7,8,10,9,9,10,8,8,9,10,10,100,Peto is very good at handling feedback and uses it to make the class better 
62,Year 3,2-year,AP BIO,10,9,10,10,10,10,10,10,10,10,10,10,10,10,10,10,10,100,
68,Year 3,2-year,AP BIO,10,6,7,7,5,8,4,7,10,7,9,9,8,5,10,10,10,100,
45,Year 3,4-year,AP BIO,9,8,7,7,6,6,8,4,7,5,4,6,9,9,2,10,10,100,
46,Year 3,4-year,AP BIO,4,6,5,6,9,8,9,4,5,5,4,9,10,10,5,10,10,100,
46,Year 3,4-year,AP BIO,8,7,8,8,8,8,9,7,6,6,5,10,10,10,6,10,10,100,"I appreciate that Peto turned around our classes. I fell more engaged and that those calsses are more meaningful for my learning
"
50,Year 3,4-year,AP BIO,10,4,9,6,5,4,2,4,4,7,7,7,10,7,4,10,10,100,
103,Year 4,2-year,AP BIO,8,9,7,10,10,10,10,8,8,8,8,9,10,10,0,10,10,100,
107,Year 4,2-year,AP BIO,8,5,10,7,6,7,10,9,10,8,8,10,10,10,0,10,10,100,
79,Year 4,4-year,AP BIO,6,2,3,2,1,6,8,6,10,5,4,8,10,10,0,10,10,100,
62,Year 3,2-year,AP CALC,10,10,10,10,10,10,10,8,10,9,10,10,10,9,8,25,20,80,
63,Year 3,2-year,AP CALC,6,10,10,10,10,10,10,10,10,10,10,10,10,10,0,25,20,80,
65,Year 3,2-year,AP CALC,9,7,4,9,9,10,7,6,8,5,5,8,10,10,0,25,20,80,
73,Year 3,2-year,AP CALC,7,10,8,10,10,10,10,10,10,10,10,10,10,10,3,25,20,80,
76,Year 3,2-year,AP CALC,10,10,10,10,10,10,10,10,10,8,8,10,10,10,5,25,20,80,
44,Year 3,4-year,AP CALC,9,9,9,5,8,9,7,3,9,2,3,7,10,10,4,25,20,80,
46,Year 3,4-year,AP CALC,10,8,8,10,8,7,8,6,10,4,5,7,10,10,6,25,20,80,
48,Year 3,4-year,AP CALC,10,10,8,9,10,10,7,8,9,9,10,9,10,10,0,25,20,80,
52,Year 3,4-year,AP CALC,8,9,10,10,6,10,10,8,10,7,6,10,10,10,0,25,20,80,
96,Year 4,2-year,AP CALC,10,6,10,6,8,7,8,10,10,8,8,9,10,10,0,25,20,80,
99,Year 4,2-year,AP CALC,8,10,10,7,10,10,10,10,10,8,9,10,10,10,10,25,20,80,
103,Year 4,2-year,AP CALC,10,10,10,10,10,10,10,10,10,10,10,10,10,10,5,25,20,80,
108,Year 4,2-year,AP CALC,10,8,10,8,10,10,10,10,10,5,10,10,10,10,0,25,20,80,
109,Year 4,2-year,AP CALC,10,10,10,10,10,10,10,9,9,8,10,10,10,10,0,25,20,80,"Good job thus far, maybe some supplemental homework regarding stuff like algebra or trig, i.e the areas that are often thre problem might be helpful"
112,Year 4,2-year,AP CALC,9,8,8,10,10,5,3,9,10,4,4,7,10,2,10,25,20,80,
85,Year 4,4-year,AP CALC,10,4,7,8,8,8,5,5,8,2,4,7,9,9,10,25,20,80,
86,Year 4,4-year,AP CALC,10,10,10,10,6,5,4,10,10,2,2,10,10,10,0,25,20,80,
87,Year 4,4-year,AP CALC,10,10,10,10,10,10,10,8,10,8,10,10,10,10,10,25,20,80,
94,Year 4,4-year,AP CALC,10,9,6,9,8,10,9,6,8,7,7,7,8,10,7,25,20,80,
95,Year 4,4-year,AP CALC,9,9,9,8,7,7,6,6,8,4,3,9,9,4,7,25,20,80,
64,Year 3,2-year,AP CGP,9,8,9,8,8,8,9,8,8,9,8,9,8,7,0,17,14,82,
69,Year 3,2-year,AP CGP,10,9,9,10,10,7,6,9,9,9,10,10,10,10,0,17,14,82,I want to express my gratitude and love to Zuzana Jelokova
72,Year 3,2-year,AP CGP,10,9,8,8,8,4,2,8,10,10,9,10,9,9,7,17,14,82,
74,Year 3,2-year,AP CGP,10,8,10,9,8,7,7,7,10,10,8,9,10,9,0,17,14,82,
36,Year 3,4-year,AP CGP,7,7,7,9,10,8,5,9,9,9,9,10,9,9,7,17,14,82,
40,Year 3,4-year,AP CGP,5,4,4,3,3,4,4,3,8,7,7,7,3,6,5,17,14,82,
41,Year 3,4-year,AP CGP,10,10,10,10,10,9,10,9,10,10,10,10,10,10,0,17,14,82,
96,Year 4,2-year,AP CGP,8,10,7,10,10,7,5,8,6,6,7,10,7,10,0,17,14,82,
98,Year 4,2-year,AP CGP,8,10,10,10,10,10,10,10,10,10,10,10,8,9,0,17,14,82,
78,Year 4,4-year,AP CGP,5,4,6,9,7,9,9,7,7,9,4,6,9,10,0,17,14,82,
83,Year 4,4-year,AP CGP,9,9,10,10,10,10,8,9,9,10,9,10,9,9,1,17,14,82,
84,Year 4,4-year,AP CGP,6,8,9,10,10,9,10,9,9,9,9,10,9,10,6,17,14,82,
90,Year 4,4-year,AP CGP,9,9,8,10,10,10,10,8,9,7,9,10,10,10,1,17,14,82,
91,Year 4,4-year,AP CGP,7,7,8,8,8,7,8,6,7,4,4,6,8,9,0,17,14,82,
42,Year 3,4-year,AP CS A,10,10,10,8,10,10,8,7,8,6,7,9,10,10,0,7,7,100,
44,Year 3,4-year,AP CS A,3,1,1,1,1,10,7,3,8,8,4,3,10,10,2,7,7,100,"I feel like the class does not have organized Curriculum and we jump from topic to topic, I feel we do not learn enough basics "
53,Year 3,4-year,AP CS A,9,8,5,7,10,5,10,10,10,7,10,10,10,10,0,7,7,100,
100,Year 4,2-year,AP CS A,8,10,10,9,10,9,9,9,9,9,8,9,10,10,0,7,7,100,
78,Year 4,4-year,AP CS A,9,7,7,6,5,5,7,7,8,6,8,9,10,10,0,7,7,100,
85,Year 4,4-year,AP CS A,8,9,9,7,8,8,9,6,7,7,9,7,10,9,10,7,7,100,
95,Year 4,4-year,AP CS A,8,9,7,8,8,9,9,9,9,7,6,8,10,10,0,7,7,100,
61,Year 3,2-year,AP CSP,10,10,10,10,10,10,10,10,10,10,10,10,10,10,10,4,3,75,
65,Year 3,2-year,AP CSP,8,9,8,9,9,9,8,8,8,7,7,8,8,10,0,4,3,75,
77,Year 3,2-year,AP CSP,8,8,6,7,7,8,8,7,8,7,8,7,9,9,1,4,3,75,
60,Year 3,2-year,AP ECON A,10,8,8,8,10,8,10,10,10,9,9,10,10,9,1,19,16,84,
65,Year 3,2-year,AP ECON A,8,9,9,10,10,9,7,9,9,8,8,8,10,10,0,19,16,84,
76,Year 3,2-year,AP ECON A,10,10,10,10,10,10,10,10,10,10,10,10,10,10,5,19,16,84,
77,Year 3,2-year,AP ECON A,8,6,7,5,5,5,4,7,7,6,7,6,9,9,1,19,16,84,
37,Year 3,4-year,AP ECON A,5,7,8,6,10,10,10,8,8,6,7,9,6,10,1,19,16,84,"Would be great for the teacher to keep better record of student suggestions and feedback, otherwise i have to repeat it on several classes for the teacher to not forget"
42,Year 3,4-year,AP ECON A,10,10,10,10,10,10,10,8,8,9,10,10,10,10,0,19,16,84,
48,Year 3,4-year,AP ECON A,7,10,9,8,8,9,8,9,9,7,6,10,10,10,0,19,16,84,
52,Year 3,4-year,AP ECON A,8,10,10,10,10,10,10,10,10,10,10,10,10,8,0,19,16,84,
53,Year 3,4-year,AP ECON A,8,10,10,10,10,10,10,10,10,9,8,10,9,9,0,19,16,84,
56,Year 3,4-year,AP ECON A,9,9,8,10,8,3,1,7,10,5,5,5,6,10,10,19,16,84,
104,Year 4,2-year,AP ECON A,8,8,8,9,9,9,9,9,9,9,9,9,6,10,2,19,16,84,"the classes are good in terms of content and clarity, but I often find myself doing sth else than I am supposed to and not focusing on the lesson, which does not happen to me during other classes"
108,Year 4,2-year,AP ECON A,5,7,8,10,10,10,10,7,10,8,6,10,10,10,0,19,16,84,
110,Year 4,2-year,AP ECON A,7,8,10,10,10,10,9,8,9,9,7,9,9,10,5,19,16,84,
80,Year 4,4-year,AP ECON A,7,9,6,9,8,9,6,6,5,6,6,8,7,8,0,19,16,84,
89,Year 4,4-year,AP ECON A,10,10,10,10,10,10,10,10,10,10,10,10,10,10,0,19,16,84,"Like this class a lot, would like to try some more practical aspects of economics, investing etc. if possible"
94,Year 4,4-year,AP ECON A,10,9,9,8,9,10,10,9,9,9,9,10,8,10,6,19,16,84,
64,Year 3,2-year,AP ECON B,8,7,8,8,8,8,9,8,8,7,7,9,8,7,0,11,7,64,
70,Year 3,2-year,AP ECON B,9,8,8,9,9,9,10,9,10,9,7,10,10,10,8,11,7,64,
75,Year 3,2-year,AP ECON B,8,8,10,8,10,10,10,10,10,9,10,10,10,10,0,11,7,64,
112,Year 4,2-year,AP ECON B,9,6,9,10,10,7,4,8,10,7,6,9,7,7,3,11,7,64,
115,Year 4,2-year,AP ECON B,9,8,8,7,7,9,9,7,7,8,7,9,9,9,2,11,7,64,
82,Year 4,4-year,AP ECON B,10,10,10,10,10,10,10,7,10,8,10,10,10,10,1,11,7,64,
86,Year 4,4-year,AP ECON B,7,5,7,6,10,9,9,7,9,5,5,7,10,10,0,11,7,64,The teacher is not able to silence some students who are prohibiting other from efficient learning by lenghty monologues. 
96,Year 4,2-year,AP ENG Language A,7,9,10,7,5,10,7,4,7,1,7,6,10,9,0,11,9,82,
97,Year 4,2-year,AP ENG Language A,10,10,10,10,10,10,8,10,9,8,10,10,10,10,4,11,9,82,
104,Year 4,2-year,AP ENG Language A,10,10,10,8,9,9,9,10,10,10,10,10,10,10,2,11,9,82,"The classes are very enjoyable and useful at the same time, which I really like"
105,Year 4,2-year,AP ENG Language A,10,10,10,6,8,7,7,7,7,6,6,7,10,10,0,11,9,82,
106,Year 4,2-year,AP ENG Language A,9,10,10,4,8,7,4,6,9,7,9,10,6,2,6,11,9,82,
110,Year 4,2-year,AP ENG Language A,10,9,9,9,9,5,6,9,9,5,8,9,9,10,6,11,9,82,
82,Year 4,4-year,AP ENG Language A,8,7,10,8,8,10,7,7,9,6,7,9,8,8,10,11,9,82,
85,Year 4,4-year,AP ENG Language A,8,9,9,9,9,9,9,8,7,8,10,7,8,9,10,11,9,82,
88,Year 4,4-year,AP ENG Language A,8,9,9,10,10,9,10,9,10,8,10,10,9,8,5,11,9,82,
98,Year 4,2-year,AP ENG Language B,10,10,10,8,10,1,3,10,8,7,10,10,10,8,1,14,13,93,
102,Year 4,2-year,AP ENG Language B,9,8,8,10,5,8,8,9,8,6,7,6,7,6,3,14,13,93,
103,Year 4,2-year,AP ENG Language B,10,8,9,10,10,8,10,9,8,6,10,9,9,6,8,14,13,93,
108,Year 4,2-year,AP ENG Language B,10,8,10,10,5,8,10,10,10,6,6,6,10,10,0,14,13,93,
109,Year 4,2-year,AP ENG Language B,10,9,10,10,10,10,10,8,10,9,9,10,10,10,0,14,13,93,"Kudos, a good class thus far"
111,Year 4,2-year,AP ENG Language B,10,7,10,10,10,3,3,10,10,10,10,10,10,10,7,14,13,93,
80,Year 4,4-year,AP ENG Language B,9,10,10,10,10,10,10,10,7,7,5,7,8,8,3,14,13,93,
84,Year 4,4-year,AP ENG Language B,9,5,5,6,6,5,7,4,8,3,5,5,7,8,7,14,13,93,
86,Year 4,4-year,AP ENG Language B,8,10,10,10,10,10,8,8,10,8,9,10,10,10,0,14,13,93,
87,Year 4,4-year,AP ENG Language B,10,10,10,10,10,10,10,10,10,10,10,10,10,10,10,14,13,93,
90,Year 4,4-year,AP ENG Language B,10,9,10,10,10,10,10,10,10,9,10,10,10,10,1,14,13,93,
91,Year 4,4-year,AP ENG Language B,9,8,9,8,7,7,8,4,7,3,7,5,10,10,0,14,13,93,
92,Year 4,4-year,AP ENG Language B,8,9,8,8,7,9,8,9,9,6,7,8,7,8,3,14,13,93,
99,Year 4,2-year,AP ENG Literature,8,9,9,10,10,10,8,10,10,10,10,10,9,8,5,11,10,91,
100,Year 4,2-year,AP ENG Literature,10,7,10,10,10,9,3,10,10,10,10,10,10,8,7,11,10,91,
101,Year 4,2-year,AP ENG Literature,8,6,10,10,10,10,10,10,10,9,7,9,10,5,9,11,10,91,
114,Year 4,2-year,AP ENG Literature,9,8,9,10,10,10,10,7,8,7,8,10,10,10,1,11,10,91,
115,Year 4,2-year,AP ENG Literature,8,9,10,8,10,10,9,9,8,9,9,8,10,10,3,11,10,91,
78,Year 4,4-year,AP ENG Literature,9,7,8,8,9,8,9,6,6,6,9,8,10,10,1,11,10,91,
81,Year 4,4-year,AP ENG Literature,8,8,10,10,10,9,10,8,10,10,8,10,8,10,3,11,10,91,"One of my favourite classes, Lenka's balance of creative and content heavy assignments and discussions allows me to really dive into the topics we cover and enjoy them"
83,Year 4,4-year,AP ENG Literature,6,4,9,6,10,8,10,8,9,8,9,9,6,6,0,11,10,91,
89,Year 4,4-year,AP ENG Literature,9,10,9,10,10,10,10,10,8,10,10,10,10,10,0,11,10,91,"You’re doing awesome so far Lenka, love the course "
95,Year 4,4-year,AP ENG Literature,8,7,6,9,10,7,4,9,8,8,8,9,9,7,2,11,10,91,
37,Year 3,4-year,AP EuroHis,9,7,10,10,10,10,10,9,9,8,10,10,10,10,1,7,5,71,
41,Year 3,4-year,AP EuroHis,10,10,10,10,10,9,8,10,9,10,10,10,10,10,0,7,5,71,
104,Year 4,2-year,AP EuroHis,10,9,10,10,10,10,9,10,10,9,10,10,10,10,1,7,5,71,I'm super glad that I took EuroHis:)
84,Year 4,4-year,AP EuroHis,9,7,7,8,9,9,10,7,8,7,8,9,8,10,6,7,5,71,
89,Year 4,4-year,AP EuroHis,10,10,10,10,10,10,10,10,10,10,10,10,10,10,0,7,5,71,
106,Year 4,2-year,AP FRE,10,10,10,10,10,10,10,10,10,10,10,10,10,4,3,2,2,100,
86,Year 4,4-year,AP FRE,10,10,10,10,10,9,5,10,10,9,9,10,10,10,0,2,2,100,
39,Year 3,4-year,AP GER,8,7,8,8,9,8,5,8,8,8,9,8,9,9,0,5,4,80,
105,Year 4,2-year,AP GER,7,8,10,10,10,4,7,10,10,10,10,9,10,10,3,5,4,80,
87,Year 4,4-year,AP GER,10,10,10,10,10,10,9,10,9,7,10,10,10,8,10,5,4,80,
94,Year 4,4-year,AP GER,8,10,10,10,10,10,10,10,10,10,10,10,10,10,0,5,4,80,
50,Year 3,4-year,AP HG,9,8,9,10,10,7,5,8,6,8,9,9,10,8,2,13,12,92,
51,Year 3,4-year,AP HG,8,10,10,9,9,6,6,9,10,10,9,9,10,10,0,13,12,92,
55,Year 3,4-year,AP HG,9,8,10,10,10,9,8,10,9,8,9,10,8,7,8,13,12,92,
56,Year 3,4-year,AP HG,6,10,8,10,10,10,10,8,8,5,5,5,8,10,5,13,12,92,
57,Year 3,4-year,AP HG,9,8,9,9,9,7,7,8,10,6,8,9,10,6,1,13,12,92,
98,Year 4,2-year,AP HG,9,10,10,10,10,10,10,10,9,10,10,10,8,9,0,13,12,92,
108,Year 4,2-year,AP HG,3,10,8,10,10,10,10,10,10,10,10,10,10,10,0,13,12,92,
114,Year 4,2-year,AP HG,8,8,7,10,10,10,10,8,9,7,8,10,9,10,1,13,12,92,
80,Year 4,4-year,AP HG,5,10,10,10,10,10,10,8,8,10,8,10,10,7,5,13,12,92,
81,Year 4,4-year,AP HG,7,9,8,10,9,9,9,8,9,9,10,8,8,10,3,13,12,92,
90,Year 4,4-year,AP HG,6,10,6,10,10,10,10,9,10,8,7,10,10,10,1,13,12,92,
91,Year 4,4-year,AP HG,6,7,8,9,9,9,10,7,8,6,8,8,9,10,0,13,12,92,
97,Year 4,2-year,AP PHYS,10,8,9,10,10,10,10,10,10,8,8,10,10,9,5,3,3,100,
110,Year 4,2-year,AP PHYS,9,10,9,10,10,10,10,9,10,8,8,9,10,10,2,3,3,100,
79,Year 4,4-year,AP PHYS,10,10,10,10,10,10,2,10,10,10,10,10,10,10,0,3,3,100,
59,Year 3,2-year,AP PSYCH,8,10,10,10,10,10,9,10,10,10,8,10,10,10,5,17,14,82,Great teacher and classes
66,Year 3,2-year,AP PSYCH,9,9,9,7,8,8,9,10,10,10,8,9,9,7,5,17,14,82,
69,Year 3,2-year,AP PSYCH,9,10,10,10,9,10,10,10,10,10,10,10,10,10,0,17,14,82,
71,Year 3,2-year,AP PSYCH,9,7,9,7,6,8,7,6,8,7,7,8,10,10,0,17,14,82,
72,Year 3,2-year,AP PSYCH,9,7,7,8,9,6,3,7,9,9,8,5,10,10,5,17,14,82,
36,Year 3,4-year,AP PSYCH,7,5,5,8,8,9,9,7,9,9,5,5,7,8,8,17,14,82,"sometimes I found disproportionate how much is there to study outside of class and what we cover in class, I would appreciate if it would be more equally divided "
39,Year 3,4-year,AP PSYCH,9,3,4,6,10,5,8,9,8,9,9,8,9,9,1,17,14,82,
45,Year 3,4-year,AP PSYCH,7,10,8,8,8,8,8,8,9,7,8,7,10,9,1,17,14,82,
46,Year 3,4-year,AP PSYCH,2,1,2,5,4,8,7,2,10,6,3,7,10,10,3,17,14,82,I just feel like I dont learn anything in the classes and that it takes away time I could spend to go deeper or learn the new topics.
49,Year 3,4-year,AP PSYCH,9,9,9,8,7,9,10,10,10,9,7,6,9,9,0,17,14,82,
52,Year 3,4-year,AP PSYCH,10,10,9,10,10,10,10,10,10,10,10,10,10,10,0,17,14,82,
58,Year 3,4-year,AP PSYCH,7,5,4,8,8,8,7,3,7,5,3,8,10,10,2,17,14,82,The classes could be more engaging since it feels like we study on our own but learn almost nothing new in the classes so i could have studied the topic on my own instead. Fells like it’s wasted time 
99,Year 4,2-year,AP PSYCH,10,10,10,10,10,10,8,10,10,10,10,10,9,8,8,17,14,82,
102,Year 4,2-year,AP PSYCH,8,8,8,8,9,9,9,10,7,8,9,8,8,9,8,17,14,82,
79,Year 4,4-year,AP RESEARCH,10,10,10,10,10,10,10,9,10,10,10,10,10,10,0,1,1,100,
63,Year 3,2-year,AP SEM 3,10,10,10,10,10,10,10,10,10,10,10,10,10,10,1,4,4,100,
70,Year 3,2-year,AP SEM 3,8,10,10,10,10,10,10,9,9,10,10,10,8,10,8,4,4,100,
75,Year 3,2-year,AP SEM 3,8,8,6,7,7,9,10,7,10,10,9,8,10,10,0,4,4,100,
41,Year 3,4-year,AP SEM 3,9,10,10,10,10,6,10,8,10,10,10,10,10,10,0,4,4,100,I feel a little bit like amanager due to the lack of initiative from the other students which is not that comfortable for me.
63,Year 3,2-year,AP STATS A,5,10,10,10,10,10,10,10,10,10,10,10,10,10,1,13,10,77,
70,Year 3,2-year,AP STATS A,9,8,8,9,9,10,10,10,10,9,9,10,8,10,8,13,10,77,
71,Year 3,2-year,AP STATS A,8,9,7,10,9,10,10,9,10,10,8,10,10,10,0,13,10,77,
57,Year 3,4-year,AP STATS A,9,7,7,8,9,8,10,7,10,7,8,8,7,3,4,13,10,77,
102,Year 4,2-year,AP STATS A,7,7,7,5,8,8,8,7,9,8,8,3,7,6,4,13,10,77,
105,Year 4,2-year,AP STATS A,10,10,6,8,10,8,7,10,10,10,8,10,7,7,6,13,10,77,
109,Year 4,2-year,AP STATS A,7,8,6,7,8,9,10,7,10,8,9,10,10,10,0,13,10,77,
112,Year 4,2-year,AP STATS A,9,8,7,10,10,9,4,8,10,7,6,9,10,9,2,13,10,77,
82,Year 4,4-year,AP STATS A,10,10,8,10,10,10,10,10,10,10,10,10,10,8,4,13,10,77,
88,Year 4,4-year,AP STATS A,8,6,8,7,8,7,8,6,8,7,8,7,9,8,9,13,10,77,
36,Year 3,4-year,AP STATS B,7,7,8,9,9,10,10,9,9,9,9,9,8,9,8,16,11,69,
41,Year 3,4-year,AP STATS B,10,9,8,8,10,9,6,9,10,10,10,10,10,10,0,16,11,69,
58,Year 3,4-year,AP STATS B,9,7,6,7,7,7,7,6,8,7,7,8,7,10,10,16,11,69,
104,Year 4,2-year,AP STATS B,7,9,9,10,10,10,10,10,9,10,10,10,10,10,2,16,11,69,
106,Year 4,2-year,AP STATS B,8,9,9,10,10,10,10,8,10,10,10,10,6,3,3,16,11,69,
110,Year 4,2-year,AP STATS B,3,4,8,8,8,10,10,9,9,8,7,10,10,10,5,16,11,69,
114,Year 4,2-year,AP STATS B,8,6,5,9,10,8,9,9,8,7,7,8,6,7,4,16,11,69,
115,Year 4,2-year,AP STATS B,7,8,6,6,6,6,9,10,10,10,10,10,6,8,4,16,11,69,"a bit confusing sometimes, the class atmosphere sometimes is just too chaotic other than that all good"
84,Year 4,4-year,AP STATS B,6,8,8,10,10,9,9,8,9,9,9,9,8,10,6,16,11,69,
89,Year 4,4-year,AP STATS B,10,10,10,10,10,10,10,9,7,8,10,10,10,10,0,16,11,69,Good just this far dada 
90,Year 4,4-year,AP STATS B,10,7,9,10,10,10,8,7,10,8,8,10,10,10,2,16,11,69,
1,Year 1,4-year,CES-HSS 1,8,9,9,6,6,8,7,6,10,8,8,7,10,10,0,16,16,100,
2,Year 1,4-year,CES-HSS 1,6,8,6,6,6,8,7,4,8,6,7,7,7,8,3,16,16,100,
3,Year 1,4-year,CES-HSS 1,10,9,9,9,9,8,6,9,10,9,9,10,7,5,8,16,16,100,
4,Year 1,4-year,CES-HSS 1,10,10,10,10,10,8,8,10,10,10,10,10,10,10,0,16,16,100,"I like our lessons a lot, the videos are funny, when we were doing presentations it was one of the most fun lessons"
5,Year 1,4-year,CES-HSS 1,2,10,6,8,9,7,8,5,10,6,7,6,7,8,7,16,16,100,
6,Year 1,4-year,CES-HSS 1,9,10,10,8,9,7,7,10,9,9,8,8,10,9,0,16,16,100,
7,Year 1,4-year,CES-HSS 1,7,8,10,8,10,9,10,10,10,8,8,10,9,8,5,16,16,100,
8,Year 1,4-year,CES-HSS 1,10,10,10,10,10,10,10,10,10,10,10,10,10,10,0,16,16,100,Jakub Crcha is the best teacher ong. 
9,Year 1,4-year,CES-HSS 1,9,8,10,9,7,4,3,5,10,8,9,7,8,10,10,16,16,100,
10,Year 1,4-year,CES-HSS 1,5,10,7,8,10,9,9,10,10,8,7,8,10,10,0,16,16,100,
11,Year 1,4-year,CES-HSS 1,7,9,8,9,10,7,8,10,10,8,10,9,7,8,7,16,16,100,
12,Year 1,4-year,CES-HSS 1,9,10,10,10,10,10,9,9,10,9,9,9,10,10,1,16,16,100,
13,Year 1,4-year,CES-HSS 1,10,9,9,9,9,8,9,9,8,9,10,10,7,10,0,16,16,100,
14,Year 1,4-year,CES-HSS 1,8,10,9,5,8,9,10,10,10,10,10,10,6,5,10,16,16,100,
15,Year 1,4-year,CES-HSS 1,10,10,10,10,10,7,7,10,10,10,10,10,10,10,8,16,16,100,
16,Year 1,4-year,CES-HSS 1,10,7,10,10,10,10,9,9,10,10,10,10,10,10,0,16,16,100,
17,Year 2,4-year,CES-HSS 2A,8,10,10,9,10,8,9,9,10,9,8,8,8,6,2,9,8,89,
20,Year 2,4-year,CES-HSS 2A,10,9,10,10,9,10,10,9,10,8,9,9,9,6,6,9,8,89,
23,Year 2,4-year,CES-HSS 2A,10,9,9,10,9,9,7,10,10,10,9,9,9,9,4,9,8,89,
25,Year 2,4-year,CES-HSS 2A,10,10,10,10,10,9,10,10,10,10,10,10,10,10,0,9,8,89,
31,Year 2,4-year,CES-HSS 2A,10,8,9,9,10,9,9,8,7,9,9,10,10,8,2,9,8,89,
32,Year 2,4-year,CES-HSS 2A,9,10,10,10,9,10,9,9,10,10,9,10,9,9,6,9,8,89,
33,Year 2,4-year,CES-HSS 2A,8,9,9,8,10,9,10,10,10,10,10,10,7,9,7,9,8,89,
28,Year 2,3-year,CES-HSS 2A,10,8,8,10,10,10,6,8,10,9,10,9,10,8,2,9,8,89,
21,Year 2,4-year,CES-HSS 2B,10,7,8,8,7,5,3,7,9,9,9,9,8,7,3,9,9,100,
22,Year 2,4-year,CES-HSS 2B,10,10,10,10,10,10,10,10,10,10,10,10,10,10,0,9,9,100,
24,Year 2,4-year,CES-HSS 2B,9,10,9,9,9,9,9,8,10,10,10,9,10,9,0,9,9,100,
26,Year 2,4-year,CES-HSS 2B,10,10,9,10,10,9,9,9,9,9,9,8,10,9,2,9,9,100,
27,Year 2,4-year,CES-HSS 2B,7,7,10,10,10,8,6,10,9,10,10,8,10,9,5,9,9,100,
29,Year 2,4-year,CES-HSS 2B,8,9,9,10,10,10,8,9,10,9,10,10,9,10,3,9,9,100,
30,Year 2,4-year,CES-HSS 2B,9,7,9,10,10,7,3,9,10,10,10,10,7,9,7,9,9,100,"I feel like we get too much homework, I have the most amount of work to do for History, right now its getting a little better, since the articles are often divided between people, which is very nice."
35,Year 2,4-year,CES-HSS 2B,7,10,10,10,10,10,10,10,10,10,10,10,10,10,0,9,9,100,
18,Year 2,3-year,CES-HSS 2B,9,5,7,9,10,10,4,10,9,8,7,9,7,7,7,9,9,100,
1,Year 1,4-year,CES-WR 1,10,10,10,10,10,10,10,10,10,9,10,10,10,10,0,16,16,100,
2,Year 1,4-year,CES-WR 1,7,7,9,7,8,9,9,7,6,8,9,8,8,7,3,16,16,100,
3,Year 1,4-year,CES-WR 1,7,9,6,9,10,8,7,9,10,10,9,9,7,5,5,16,16,100,
4,Year 1,4-year,CES-WR 1,10,9,10,10,10,10,10,10,10,10,10,10,10,10,0,16,16,100,"I like this class, sometimes there are challenges for me, teacher is very nice, there were some creative lessons that I liked a lot "
5,Year 1,4-year,CES-WR 1,1,3,8,9,10,7,8,9,10,7,8,8,6,10,5,16,16,100,
6,Year 1,4-year,CES-WR 1,9,10,9,9,8,8,9,9,8,9,10,9,9,10,2,16,16,100,dedee gives good feedback
7,Year 1,4-year,CES-WR 1,7,4,9,10,10,10,10,10,8,10,9,9,8,10,7,16,16,100,
8,Year 1,4-year,CES-WR 1,10,9,7,10,10,10,8,8,10,6,7,10,10,10,0,16,16,100,Deedee is so lovely!!!! <3
9,Year 1,4-year,CES-WR 1,10,10,10,10,8,7,5,9,10,10,10,10,10,10,10,16,16,100,"The feedback from the teacher is provided in a really understandable and specific way, which I appreciate so much."
10,Year 1,4-year,CES-WR 1,10,10,10,10,10,10,10,10,8,10,10,10,10,10,0,16,16,100,
11,Year 1,4-year,CES-WR 1,9,9,10,9,9,8,8,10,10,9,10,9,10,9,8,16,16,100,
12,Year 1,4-year,CES-WR 1,9,9,9,10,10,9,8,10,10,10,10,9,10,10,1,16,16,100,I feel like the teacher's feedback really lets me improve my writing skills. :)
13,Year 1,4-year,CES-WR 1,9,10,9,9,10,9,9,8,10,9,9,8,10,10,2,16,16,100,
14,Year 1,4-year,CES-WR 1,6,9,10,8,10,10,10,5,10,10,10,10,8,8,10,16,16,100,
15,Year 1,4-year,CES-WR 1,10,10,10,10,10,9,8,10,10,10,10,10,10,10,9,16,16,100,
16,Year 1,4-year,CES-WR 1,7,7,9,10,10,10,9,8,7,7,9,9,10,10,5,16,16,100,
17,Year 2,4-year,CES-WR 2,7,8,7,9,8,6,7,6,9,8,7,9,6,5,7,18,17,94,
20,Year 2,4-year,CES-WR 2,7,8,8,10,10,10,10,9,10,8,9,10,9,5,5,18,17,94,
21,Year 2,4-year,CES-WR 2,9,8,9,8,8,7,7,8,8,7,7,8,9,8,2,18,17,94,
22,Year 2,4-year,CES-WR 2,9,6,8,9,8,10,10,10,10,9,10,9,9,9,2,18,17,94,
23,Year 2,4-year,CES-WR 2,7,4,7,8,10,10,9,10,10,10,10,10,10,8,5,18,17,94,
24,Year 2,4-year,CES-WR 2,8,7,7,9,10,10,9,8,9,9,9,9,10,9,5,18,17,94,
25,Year 2,4-year,CES-WR 2,7,8,9,9,10,9,9,8,10,7,6,9,8,7,4,18,17,94,
26,Year 2,4-year,CES-WR 2,9,7,8,10,10,9,9,8,9,8,8,8,8,3,5,18,17,94,
27,Year 2,4-year,CES-WR 2,7,9,9,9,8,9,6,10,10,10,9,10,9,9,6,18,17,94,
29,Year 2,4-year,CES-WR 2,8,8,9,8,9,8,10,8,9,8,7,9,7,10,5,18,17,94,
30,Year 2,4-year,CES-WR 2,8,9,10,10,10,8,6,10,10,10,10,10,8,9,6,18,17,94,
31,Year 2,4-year,CES-WR 2,6,9,7,9,10,8,10,9,10,8,10,9,9,8,1,18,17,94,"I really like the classes and I really love that there is a clear plan of the class, I know what the tasks for the day are. One of the things I did not enjoy that much was that we were reading the metamorphosis over such a long time. Honestly I would prefer if we would f.E talk about it during one month and sort of close it off and not have it going on for more than a month..."
32,Year 2,4-year,CES-WR 2,7,7,8,9,9,10,10,9,9,9,9,10,7,7,8,18,17,94,
33,Year 2,4-year,CES-WR 2,7,9,8,8,10,9,9,10,8,10,10,10,6,8,8,18,17,94,
35,Year 2,4-year,CES-WR 2,5,5,6,9,9,7,7,8,8,8,10,7,10,8,0,18,17,94,
18,Year 2,3-year,CES-WR 2,9,6,8,9,8,8,2,8,9,8,5,10,7,8,4,18,17,94,
28,Year 2,3-year,CES-WR 2,10,3,9,9,9,9,1,8,9,8,4,10,8,9,3,18,17,94,
61,Year 3,2-year,CES-WR 3A,10,10,7,10,10,10,10,10,8,8,9,10,8,7,10,18,17,94,
64,Year 3,2-year,CES-WR 3A,8,7,7,7,8,8,8,7,8,8,7,8,7,7,2,18,17,94,
68,Year 3,2-year,CES-WR 3A,4,7,9,10,10,10,9,10,10,10,9,10,10,10,10,18,17,94,this is my favorite class
71,Year 3,2-year,CES-WR 3A,10,10,10,10,10,8,8,10,10,10,10,10,10,10,0,18,17,94,
74,Year 3,2-year,CES-WR 3A,7,8,9,10,10,9,9,8,10,9,9,10,10,10,7,18,17,94,
37,Year 3,4-year,CES-WR 3A,9,8,10,8,10,10,10,7,5,7,8,8,10,9,1,18,17,94,
39,Year 3,4-year,CES-WR 3A,7,9,9,9,9,8,5,9,9,9,8,10,7,9,2,18,17,94,
40,Year 3,4-year,CES-WR 3A,8,6,4,10,10,10,10,6,7,5,10,10,6,6,5,18,17,94,
42,Year 3,4-year,CES-WR 3A,8,6,7,10,10,10,10,10,10,9,7,10,7,10,5,18,17,94,
44,Year 3,4-year,CES-WR 3A,7,9,9,8,9,9,5,4,9,9,9,8,8,9,0,18,17,94,"The class is well organized, I know what to do, till when to do it and how to do it, because everything is written in veracross in assignment instruction."
50,Year 3,4-year,CES-WR 3A,7,9,8,9,10,8,9,8,7,9,9,10,10,10,0,18,17,94,
51,Year 3,4-year,CES-WR 3A,8,8,9,7,8,8,7,7,10,3,7,8,9,10,10,18,17,94,
53,Year 3,4-year,CES-WR 3A,8,10,7,10,10,10,10,4,10,8,8,9,8,10,1,18,17,94,"The only thing I have a problem is that I do not really understand grading in this class, ex. what I can do to improve my grade or how I am doing in the class"
54,Year 3,4-year,CES-WR 3A,5,6,6,8,8,7,7,7,7,7,7,9,7,6,7,18,17,94,
55,Year 3,4-year,CES-WR 3A,9,8,9,10,10,10,8,9,10,8,9,10,8,8,9,18,17,94,
56,Year 3,4-year,CES-WR 3A,6,10,10,10,10,9,9,10,8,5,5,5,8,10,5,18,17,94,
57,Year 3,4-year,CES-WR 3A,9,7,7,10,10,3,5,7,9,8,9,8,8,6,1,18,17,94,
59,Year 3,2-year,CES-WR 3B,8,8,7,8,9,7,6,7,8,7,8,10,7,8,6,20,20,100,
60,Year 3,2-year,CES-WR 3B,8,8,10,10,8,9,10,9,10,10,10,10,10,10,0,20,20,100,
62,Year 3,2-year,CES-WR 3B,10,10,10,10,10,10,10,10,10,10,10,10,10,10,10,20,20,100,
65,Year 3,2-year,CES-WR 3B,8,3,5,8,7,9,7,7,9,10,9,6,6,9,3,20,20,100,
66,Year 3,2-year,CES-WR 3B,8,7,5,8,8,8,6,8,7,8,8,8,7,6,8,20,20,100,
69,Year 3,2-year,CES-WR 3B,8,9,10,10,10,9,8,10,10,9,10,10,10,10,1,20,20,100,I just want to express my gratitude and love to Deedee)
72,Year 3,2-year,CES-WR 3B,10,7,8,8,8,7,3,7,9,8,9,9,8,7,8,20,20,100,
73,Year 3,2-year,CES-WR 3B,9,8,10,10,8,10,10,9,10,10,10,10,10,10,2,20,20,100,
76,Year 3,2-year,CES-WR 3B,10,8,8,10,9,10,10,7,9,5,8,10,10,10,8,20,20,100,
77,Year 3,2-year,CES-WR 3B,8,7,8,7,8,4,4,5,7,6,7,8,8,8,3,20,20,100,
36,Year 3,4-year,CES-WR 3B,8,8,9,9,10,10,10,10,10,8,8,9,10,7,7,20,20,100,
38,Year 3,4-year,CES-WR 3B,9,8,7,9,8,8,8,10,10,7,8,8,7,3,8,20,20,100,
45,Year 3,4-year,CES-WR 3B,8,7,7,10,10,10,9,6,8,5,7,8,6,8,6,20,20,100,
46,Year 3,4-year,CES-WR 3B,8,5,6,10,10,10,10,6,10,3,8,8,8,10,6,20,20,100,
47,Year 3,4-year,CES-WR 3B,8,4,6,9,10,7,8,9,9,9,8,8,8,4,3,20,20,100,
48,Year 3,4-year,CES-WR 3B,9,7,9,10,10,9,8,10,10,7,9,10,9,10,1,20,20,100,
49,Year 3,4-year,CES-WR 3B,10,7,6,8,10,9,10,8,10,10,10,10,4,6,8,20,20,100,
49,Year 3,4-year,CES-WR 3B,6,7,7,10,10,10,10,8,9,9,8,7,6,7,9,20,20,100,
52,Year 3,4-year,CES-WR 3B,10,8,10,10,10,10,10,10,10,4,10,10,7,8,0,20,20,100,
58,Year 3,4-year,CES-WR 3B,8,8,8,9,9,9,7,8,8,8,8,8,10,10,9,20,20,100,
1,Year 1,4-year,CSem 1,7,7,10,10,10,10,10,10,10,9,10,10,10,10,0,16,16,100,
2,Year 1,4-year,CSem 1,7,8,6,9,9,9,9,7,6,7,9,9,8,8,3,16,16,100,
3,Year 1,4-year,CSem 1,7,3,8,9,8,7,6,7,10,10,10,10,9,7,3,16,16,100,
4,Year 1,4-year,CSem 1,5,10,10,10,10,7,8,10,10,10,10,10,10,9,0,16,16,100,"I really like this class and I like my teacher, I want to learn more in case of psychology, I interested in it "
5,Year 1,4-year,CSem 1,3,2,9,7,6,5,3,8,10,7,7,8,4,8,10,16,16,100,
6,Year 1,4-year,CSem 1,3,5,8,8,9,8,8,9,10,7,9,9,7,6,6,16,16,100,
7,Year 1,4-year,CSem 1,4,9,10,7,10,10,10,8,10,10,10,10,5,1,7,16,16,100,
8,Year 1,4-year,CSem 1,7,7,9,10,10,6,5,10,10,10,10,10,9,10,0,16,16,100,Brett is amazing!!! 
9,Year 1,4-year,CSem 1,7,8,10,10,10,2,2,7,10,8,10,10,7,10,10,16,16,100,"I feel really comfortable speaking with the teacher, however I don’t really like how our CSem group is working so far. Everyone is so different, and we often ‘bother’ each other by our behavior. But I think that improvement in this area is yet to come, and I appreciate the way the teacher is handling these situations. "
10,Year 1,4-year,CSem 1,8,9,10,8,10,8,7,7,9,8,4,10,10,10,0,16,16,100,
11,Year 1,4-year,CSem 1,2,4,8,9,10,4,8,10,10,7,10,10,3,9,7,16,16,100,
12,Year 1,4-year,CSem 1,7,7,10,10,10,9,9,10,10,10,10,10,10,10,0,16,16,100,
13,Year 1,4-year,CSem 1,7,5,4,10,8,6,5,6,8,10,8,6,5,10,8,16,16,100,
14,Year 1,4-year,CSem 1,1,5,4,9,10,9,10,5,10,10,1,10,0,0,10,16,16,100,
15,Year 1,4-year,CSem 1,10,10,10,10,10,7,5,10,10,10,10,10,10,10,8,16,16,100,
16,Year 1,4-year,CSem 1,5,5,7,7,10,7,7,7,9,6,7,7,4,10,10,16,16,100,
17,Year 2,4-year,CSem 2A,8,8,8,8,9,7,7,8,9,7,8,9,3,1,7,9,8,89,
20,Year 2,4-year,CSem 2A,8,8,7,9,10,10,10,10,9,10,10,10,8,5,5,9,8,89,
23,Year 2,4-year,CSem 2A,7,7,7,8,9,8,9,7,7,7,7,8,7,7,7,9,8,89,
25,Year 2,4-year,CSem 2A,9,8,8,9,10,9,9,7,10,7,8,8,10,6,2,9,8,89,
31,Year 2,4-year,CSem 2A,7,8,7,9,10,9,10,7,8,6,8,9,10,6,3,9,8,89,
32,Year 2,4-year,CSem 2A,8,6,10,9,9,10,10,8,7,9,9,9,9,9,6,9,8,89,
33,Year 2,4-year,CSem 2A,8,10,1,8,8,9,10,10,8,10,10,10,0,6,9,9,8,89,
28,Year 2,3-year,CSem 2A,7,10,9,10,10,10,8,9,10,9,9,10,10,5,1,9,8,89,
21,Year 2,4-year,CSem 2B,6,8,10,9,10,9,8,10,9,9,8,10,9,8,2,9,9,100,
22,Year 2,4-year,CSem 2B,2,5,7,7,10,9,10,8,10,7,8,10,5,0,5,9,9,100,
26,Year 2,4-year,CSem 2B,6,6,9,10,10,10,9,9,6,7,7,10,7,6,6,9,9,100,
27,Year 2,4-year,CSem 2B,4,7,10,10,9,8,10,10,9,6,5,10,10,7,5,9,9,100,
29,Year 2,4-year,CSem 2B,7,9,9,8,10,10,10,9,10,8,8,9,8,10,5,9,9,100,
29,Year 2,4-year,CSem 2B,9,8,10,9,8,10,9,8,9,7,9,9,7,10,5,9,9,100,
30,Year 2,4-year,CSem 2B,9,9,10,10,10,10,8,9,10,8,9,10,10,5,0,9,9,100,"I feel great in the classes, theres an amazing atmosphere"
35,Year 2,4-year,CSem 2B,7,8,8,10,10,10,10,8,8,8,7,10,10,9,0,9,9,100,
18,Year 2,3-year,CSem 2B,4,3,8,8,8,8,5,8,9,7,4,8,6,7,7,9,9,100,
59,Year 3,2-year,CSem 3A,5,6,7,9,8,8,6,8,10,9,8,10,7,8,6,14,12,86,Martina is great :)
69,Year 3,2-year,CSem 3A,8,8,9,10,10,8,7,8,8,7,10,10,8,10,5,14,12,86,"I just want to say thank you to Martina for making this subject and experience what we came through as great as it could be❤️ thank you for caring, showing your compassion and patience "
72,Year 3,2-year,CSem 3A,8,9,8,10,10,8,4,8,9,9,9,9,9,8,6,14,12,86,
73,Year 3,2-year,CSem 3A,9,10,10,10,10,10,10,10,10,9,7,9,9,8,10,14,12,86,
76,Year 3,2-year,CSem 3A,10,10,10,10,10,10,10,10,10,10,10,10,10,10,3,14,12,86,
37,Year 3,4-year,CSem 3A,6,4,5,8,9,6,8,6,3,5,6,6,5,2,8,14,12,86,
43,Year 3,4-year,CSem 3A,7,9,7,9,8,5,4,7,8,9,10,6,5,7,6,14,12,86,
47,Year 3,4-year,CSem 3A,3,3,7,9,10,6,7,6,10,3,3,10,8,6,3,14,12,86,"It's difficult to apply some of these statements to Character Seminar (especially the ones that relate to ""academic standing"" and ""feedback""). Also, we haven't had many classes in Term 1 it seems... But overall, Martina is doing a nice job I think : )) I'm excited for the classes to come."
51,Year 3,4-year,CSem 3A,8,9,4,6,8,7,8,7,6,7,8,10,6,10,10,14,12,86,
54,Year 3,4-year,CSem 3A,6,3,2,6,4,6,7,5,6,5,3,3,1,2,9,14,12,86,
57,Year 3,4-year,CSem 3A,8,10,5,7,9,5,5,7,10,6,8,7,5,2,5,14,12,86,
58,Year 3,4-year,CSem 3A,7,7,7,8,8,7,7,7,8,6,6,8,9,8,8,14,12,86,
61,Year 3,2-year,CSem 3B,7,10,10,9,9,9,9,10,10,9,9,10,8,8,10,14,13,93,
62,Year 3,2-year,CSem 3B,10,10,10,10,10,10,10,10,10,10,10,10,10,10,10,14,13,93,
63,Year 3,2-year,CSem 3B,7,10,10,10,10,10,10,10,10,10,10,10,10,5,2,14,13,93,
68,Year 3,2-year,CSem 3B,10,10,9,10,10,10,10,10,10,10,10,10,9,10,10,14,13,93,"Rene is the best teacher, he’s very understanding and kind. Great class! "
70,Year 3,2-year,CSem 3B,5,5,8,10,10,10,10,10,9,10,10,10,7,7,9,14,13,93,
74,Year 3,2-year,CSem 3B,8,10,10,10,10,10,10,8,10,10,9,10,9,9,2,14,13,93,"Sometimes i am just really tired and i am really sorry for fall asleep during some of the classes. But now, mainly after the offsite, i am happy to see that our relationship with the teacher become more than student and teacher, now we can really feel that a friendship was born and it is growing everyday a little bit. This relationship is good for the class atmosphere because now we feel more comfortable to speak during the classes and talk even out of the school time and also approach the teacher if we need something or just talk."
75,Year 3,2-year,CSem 3B,2,10,5,7,10,10,9,9,10,10,6,10,7,0,7,14,13,93,
38,Year 3,4-year,CSem 3B,7,4,6,9,9,7,6,8,6,8,7,9,6,3,8,14,13,93,
39,Year 3,4-year,CSem 3B,7,8,3,8,10,4,3,9,9,9,9,10,6,6,1,14,13,93,sorry for being so late!!:((( I always forgot
45,Year 3,4-year,CSem 3B,2,2,2,3,3,8,9,7,7,7,6,10,4,4,10,14,13,93,
49,Year 3,4-year,CSem 3B,8,7,7,10,10,10,10,8,10,10,8,10,7,5,5,14,13,93,
52,Year 3,4-year,CSem 3B,7,10,10,10,10,10,10,10,10,10,10,10,10,10,0,14,13,93,
56,Year 3,4-year,CSem 3B,8,5,6,10,10,9,9,5,5,5,5,10,5,5,10,14,13,93,
64,Year 3,2-year,CSem 3C,8,8,7,8,7,8,9,8,8,8,8,7,7,7,3,13,10,77,
66,Year 3,2-year,CSem 3C,4,4,8,9,9,9,10,9,7,8,5,9,7,5,7,13,10,77,"Character seminar is a great subject. Due to my nature, I feel like I know my self quite well ,so the materials we go through are not as beneficial for me. Still interesting class."
71,Year 3,2-year,CSem 3C,6,8,6,9,8,9,9,9,10,8,7,9,5,6,6,13,10,77,
77,Year 3,2-year,CSem 3C,5,5,5,5,5,5,5,5,8,5,5,5,5,3,5,13,10,77,
40,Year 3,4-year,CSem 3C,7,8,8,8,8,8,8,8,8,8,7,10,10,10,0,13,10,77,
41,Year 3,4-year,CSem 3C,10,10,10,10,10,10,10,9,10,10,10,10,10,10,0,13,10,77,
42,Year 3,4-year,CSem 3C,7,7,6,8,10,8,10,8,9,10,10,10,10,10,5,13,10,77,
46,Year 3,4-year,CSem 3C,4,4,4,7,5,6,4,3,5,3,4,5,7,8,6,13,10,77,
48,Year 3,4-year,CSem 3C,10,5,8,10,10,9,8,10,10,8,9,10,8,8,1,13,10,77,
50,Year 3,4-year,CSem 3C,9,8,5,5,3,4,6,5,8,8,8,4,8,10,10,13,10,77,
98,Year 4,2-year,CSem 4A,3,4,6,10,10,3,7,10,10,10,10,10,1,1,8,12,11,92,
100,Year 4,2-year,CSem 4A,8,7,10,10,10,8,7,9,7,10,10,10,10,5,5,12,11,92,
109,Year 4,2-year,CSem 4A,5,5,5,7,10,10,10,7,10,9,5,10,10,10,0,12,11,92,
114,Year 4,2-year,CSem 4A,4,10,3,10,10,10,10,10,10,10,9,7,3,4,9,12,11,92,
115,Year 4,2-year,CSem 4A,5,3,2,9,10,9,8,9,10,7,8,6,3,10,8,12,11,92,
80,Year 4,4-year,CSem 4A,6,4,9,9,9,9,9,6,6,7,8,7,5,5,10,12,11,92,
84,Year 4,4-year,CSem 4A,5,5,4,4,6,5,7,6,8,7,6,7,6,5,5,12,11,92,
90,Year 4,4-year,CSem 4A,2,1,4,10,9,9,10,2,3,2,2,9,10,2,10,12,11,92,
92,Year 4,4-year,CSem 4A,3,6,8,6,8,10,10,10,8,9,6,8,5,5,8,12,11,92,
93,Year 4,4-year,CSem 4A,6,7,9,10,10,10,10,8,10,9,10,10,8,6,10,12,11,92,
95,Year 4,4-year,CSem 4A,4,8,6,9,10,6,4,9,9,9,10,8,3,9,10,12,11,92,
97,Year 4,2-year,CSem 4B,1,1,1,10,10,9,10,8,10,10,8,10,0,0,10,13,13,100,
99,Year 4,2-year,CSem 4B,7,10,10,10,10,10,10,8,10,10,9,10,7,4,8,13,13,100,
101,Year 4,2-year,CSem 4B,5,1,10,10,10,10,10,10,10,10,10,10,5,0,10,13,13,100,
102,Year 4,2-year,CSem 4B,9,5,2,10,10,9,9,8,7,8,7,8,2,1,10,13,13,100,
105,Year 4,2-year,CSem 4B,5,10,3,4,10,4,9,10,10,9,10,10,5,5,9,13,13,100,
106,Year 4,2-year,CSem 4B,5,7,9,3,3,8,8,9,10,6,9,10,3,3,10,13,13,100,The only thing I really cannot stand about the class is that we can't swear but the teacher does during almost every lesson (I know that it's an automatic habit) and says God/Jesus often which for me is taking God's name in vain 
107,Year 4,2-year,CSem 4B,8,3,3,10,10,10,10,10,10,10,9,10,0,0,10,13,13,100,
79,Year 4,4-year,CSem 4B,2,3,5,2,6,7,8,6,6,5,4,6,4,5,10,13,13,100,
81,Year 4,4-year,CSem 4B,6,7,5,6,6,6,8,4,8,7,6,6,2,5,9,13,13,100,
82,Year 4,4-year,CSem 4B,10,10,7,6,8,10,9,10,10,10,6,6,10,1,10,13,13,100,
86,Year 4,4-year,CSem 4B,4,2,10,9,10,10,10,10,10,10,10,10,9,0,0,13,13,100,
87,Year 4,4-year,CSem 4B,10,7,8,7,5,6,8,6,8,8,8,8,6,8,10,13,13,100,
91,Year 4,4-year,CSem 4B,6,7,4,8,7,6,8,4,7,8,8,8,4,4,9,13,13,100,
96,Year 4,2-year,CSem 4C,8,10,10,6,5,8,8,7,8,6,7,10,10,8,1,12,12,100,
103,Year 4,2-year,CSem 4C,8,9,10,10,10,10,10,10,9,8,8,10,10,5,5,12,12,100,
104,Year 4,2-year,CSem 4C,4,5,4,8,7,7,7,6,6,5,6,5,3,3,10,12,12,100,
108,Year 4,2-year,CSem 4C,1,5,6,7,10,10,9,10,10,7,6,6,5,5,5,12,12,100,
110,Year 4,2-year,CSem 4C,5,4,5,7,8,4,4,7,8,6,6,7,5,5,8,12,12,100,
111,Year 4,2-year,CSem 4C,10,5,5,10,10,1,1,8,8,7,7,7,5,0,8,12,12,100,
78,Year 4,4-year,CSem 4C,2,3,3,7,5,7,10,4,8,8,6,4,1,0,10,12,12,100,
83,Year 4,4-year,CSem 4C,6,2,6,9,10,10,10,10,10,10,6,10,8,8,4,12,12,100,
85,Year 4,4-year,CSem 4C,6,8,9,9,10,8,9,9,9,9,9,9,5,7,10,12,12,100,
88,Year 4,4-year,CSem 4C,4,7,5,4,4,7,9,8,6,8,6,3,7,0,10,12,12,100,
89,Year 4,4-year,CSem 4C,7,10,6,10,10,10,10,8,10,10,10,10,10,10,0,12,12,100,
94,Year 4,4-year,CSem 4C,6,6,6,8,7,10,10,9,9,9,9,8,5,5,5,12,12,100,
1,Year 1,4-year,EL 1,9,7,10,10,10,10,10,10,10,10,10,10,10,10,0,18,17,94,
3,Year 1,4-year,EL 1,6,8,10,10,10,7,7,8,9,9,8,10,8,5,4,18,17,94,
4,Year 1,4-year,EL 1,9,10,10,10,10,9,9,10,10,10,10,10,10,10,0,18,17,94,"I very like our classes, it is always a lot of fun, a lot of jokes and space for improvement  "
5,Year 1,4-year,EL 1,4,8,8,9,8,6,6,6,9,5,6,8,6,10,10,18,17,94,
6,Year 1,4-year,EL 1,4,5,8,10,9,7,6,9,9,8,10,10,10,10,1,18,17,94,
7,Year 1,4-year,EL 1,7,5,10,10,10,10,10,8,10,9,10,10,6,8,8,18,17,94,
8,Year 1,4-year,EL 1,10,10,10,10,10,10,10,10,8,8,10,10,10,10,0,18,17,94,Sima is such a lovely teacher <333333
9,Year 1,4-year,EL 1,9,8,8,8,8,4,3,6,10,7,8,10,9,10,10,18,17,94,
10,Year 1,4-year,EL 1,10,10,10,10,10,9,6,10,9,10,10,10,10,10,0,18,17,94,"I dont always feel comfortable speaking in class because of filip cipos, robert and aros (da boyz) judging me and aggresively disagreeing with me sometimes "
11,Year 1,4-year,EL 1,6,8,10,10,10,9,9,8,10,8,8,10,9,8,6,18,17,94,
12,Year 1,4-year,EL 1,9,9,10,10,10,10,10,9,10,10,10,10,10,10,1,18,17,94,
13,Year 1,4-year,EL 1,10,8,7,9,10,9,8,8,7,7,7,8,7,8,2,18,17,94,
14,Year 1,4-year,EL 1,7,6,8,10,9,9,10,10,10,10,8,9,10,10,10,18,17,94,"Simonka, get ready to buy me a steak ;)"
15,Year 1,4-year,EL 1,10,10,10,10,10,9,8,10,10,10,10,10,10,10,9,18,17,94,
16,Year 1,4-year,EL 1,7,5,7,7,8,8,8,7,8,7,7,7,10,10,4,18,17,94,
18,Year 2,3-year,EL 1,7,5,7,7,5,7,5,6,8,7,4,7,6,7,7,18,17,94,
28,Year 2,3-year,EL 1,8,9,8,8,8,8,5,7,9,10,10,9,10,7,3,18,17,94,
17,Year 2,4-year,EL 2,7,8,9,10,10,8,8,8,10,7,8,10,8,6,3,16,13,81,
20,Year 2,4-year,EL 2,6,9,10,10,10,10,10,10,10,10,10,10,9,6,5,16,13,81,
21,Year 2,4-year,EL 2,8,7,9,7,8,7,6,7,9,8,8,8,9,8,4,16,13,81,
22,Year 2,4-year,EL 2,2,7,10,8,9,10,10,8,10,6,8,9,9,0,1,16,13,81,
23,Year 2,4-year,EL 2,7,8,9,9,10,10,10,9,9,9,8,10,9,8,5,16,13,81,
24,Year 2,4-year,EL 2,9,8,8,9,9,3,3,8,8,7,7,8,10,8,3,16,13,81,
25,Year 2,4-year,EL 2,6,5,7,9,10,10,10,7,10,5,5,8,10,8,3,16,13,81,
26,Year 2,4-year,EL 2,7,9,8,10,10,10,9,8,9,9,8,10,9,7,6,16,13,81,
27,Year 2,4-year,EL 2,6,8,10,10,10,10,9,10,10,6,6,10,10,5,5,16,13,81,
29,Year 2,4-year,EL 2,7,9,10,10,10,10,9,10,8,8,9,10,8,9,8,16,13,81,Ok
30,Year 2,4-year,EL 2,10,10,10,10,10,10,9,10,10,10,10,10,10,6,0,16,13,81,REX is amazing. I'm very happy that i can be a part of this program
33,Year 2,4-year,EL 2,7,9,10,10,10,10,10,10,10,10,10,10,7,10,6,16,13,81,
35,Year 2,4-year,EL 2,6,6,6,9,9,9,9,8,8,9,8,9,10,8,0,16,13,81,
59,Year 3,2-year,EL 3N,7,9,10,10,10,7,5,10,10,10,10,10,8,10,10,20,18,90,Jaro and Lubica are really amazing teachers 
60,Year 3,2-year,EL 3N,10,10,10,10,10,10,10,10,10,10,10,10,10,10,0,20,18,90,
61,Year 3,2-year,EL 3N,10,10,10,10,10,10,10,10,10,10,10,10,10,10,0,20,18,90,
62,Year 3,2-year,EL 3N,10,10,10,10,10,10,10,10,10,10,10,10,10,10,10,20,18,90,
63,Year 3,2-year,EL 3N,10,10,10,10,10,10,10,10,10,10,10,10,10,5,2,20,18,90,
64,Year 3,2-year,EL 3N,8,8,10,9,9,9,10,9,8,9,9,10,8,6,1,20,18,90,
65,Year 3,2-year,EL 3N,7,9,7,9,9,8,8,8,8,9,8,9,8,10,0,20,18,90,
66,Year 3,2-year,EL 3N,8,6,8,8,9,8,9,8,8,9,9,9,8,6,7,20,18,90,
69,Year 3,2-year,EL 3N,9,9,10,10,10,10,10,10,10,10,10,10,10,10,0,20,18,90,
70,Year 3,2-year,EL 3N,9,9,10,10,10,10,10,10,10,10,10,10,9,10,8,20,18,90,
71,Year 3,2-year,EL 3N,7,6,6,8,8,8,6,8,10,9,8,8,7,7,5,20,18,90,
72,Year 3,2-year,EL 3N,8,9,6,10,10,7,3,9,9,9,9,9,10,9,6,20,18,90,
73,Year 3,2-year,EL 3N,2,2,4,8,6,7,8,8,10,8,7,9,2,0,10,20,18,90,
74,Year 3,2-year,EL 3N,10,10,10,10,10,10,10,9,10,10,10,10,10,10,0,20,18,90,
75,Year 3,2-year,EL 3N,7,8,10,10,10,10,10,10,10,10,10,10,10,10,0,20,18,90,
76,Year 3,2-year,EL 3N,10,10,10,10,10,10,10,10,10,10,10,10,10,10,10,20,18,90,
77,Year 3,2-year,EL 3N,6,7,5,7,7,7,7,7,9,9,9,9,6,9,1,20,18,90,
36,Year 3,4-year,EL 3R,9,6,7,9,9,9,9,9,10,6,6,8,7,5,7,21,18,86,
37,Year 3,4-year,EL 3R,9,9,10,7,10,10,10,8,7,9,9,10,8,8,3,21,18,86,
38,Year 3,4-year,EL 3R,8,6,7,8,6,4,4,7,8,5,8,7,6,3,8,21,18,86,
39,Year 3,4-year,EL 3R,8,8,3,10,10,9,10,10,9,9,10,10,7,7,4,21,18,86,Andrej is a great EL teacher!
40,Year 3,4-year,EL 3R,7,10,8,10,10,10,10,7,10,10,8,10,10,6,0,21,18,86,
41,Year 3,4-year,EL 3R,10,10,9,10,10,10,10,9,10,9,10,10,10,10,0,21,18,86,
42,Year 3,4-year,EL 3R,8,8,7,10,10,10,10,10,10,10,10,10,10,10,6,21,18,86,
44,Year 3,4-year,EL 3R,10,10,10,7,7,10,3,7,2,7,10,10,10,5,7,21,18,86,
45,Year 3,4-year,EL 3R,6,4,8,8,9,7,7,7,10,7,8,9,3,1,8,21,18,86,
46,Year 3,4-year,EL 3R,7,4,6,8,9,8,8,6,9,3,6,7,8,8,7,21,18,86,
47,Year 3,4-year,EL 3R,7,4,7,8,8,8,7,4,6,3,3,7,9,7,3,21,18,86,"Some of these statements were hard to apply to EL, as it is not a graded course with too many assignments. Still,I think I managed well enough, so I hope this feedback will be helpful."
48,Year 3,4-year,EL 3R,10,6,1,8,8,9,5,7,10,5,10,8,9,4,0,21,18,86,
49,Year 3,4-year,EL 3R,7,10,10,10,10,10,10,8,10,7,8,10,10,10,0,21,18,86,
50,Year 3,4-year,EL 3R,8,9,7,8,9,7,6,7,8,8,7,9,10,10,0,21,18,86,
52,Year 3,4-year,EL 3R,7,9,9,9,9,10,8,10,9,10,10,10,7,8,0,21,18,86,
54,Year 3,4-year,EL 3R,8,8,8,8,8,8,7,8,9,8,7,8,8,5,8,21,18,86,
57,Year 3,4-year,EL 3R,9,10,10,10,10,7,10,9,9,7,10,8,10,5,2,21,18,86,
58,Year 3,4-year,EL 3R,7,4,4,7,7,6,7,6,6,4,4,7,7,6,8,21,18,86,
79,Year 4,4-year,EL 4,8,8,6,10,10,10,3,9,10,8,9,10,10,10,0,39,10,26,
82,Year 4,4-year,EL 4,10,10,10,10,10,10,10,10,10,4,10,8,10,1,1,39,10,26,
86,Year 4,4-year,EL 4,10,10,10,10,10,10,10,10,10,9,9,10,10,10,0,39,10,26,
87,Year 4,4-year,EL 4,9,10,10,10,10,8,10,9,10,10,10,10,10,8,10,39,10,26,
94,Year 4,4-year,EL 4,6,7,10,10,10,10,10,10,10,10,10,10,8,10,4,39,10,26,
101,Year 4,2-year,EL 4,1,3,4,10,10,10,10,5,8,10,5,10,5,0,10,39,10,26,
103,Year 4,2-year,EL 4,10,10,10,10,10,10,10,10,10,10,10,10,10,10,0,39,10,26,
107,Year 4,2-year,EL 4,1,1,4,10,10,10,10,10,10,10,6,10,4,0,10,39,10,26,
114,Year 4,2-year,EL 4,9,9,10,10,9,10,10,10,10,8,9,9,9,10,1,39,10,26,
115,Year 4,2-year,EL 4,10,10,10,9,10,10,10,9,6,8,10,10,10,10,2,39,10,26,
28,Year 2,3-year,ELL 1,10,9,8,10,10,10,8,9,7,9,10,10,10,6,6,6,1,17,
69,Year 3,2-year,ELL 3,6,8,9,10,10,10,10,10,8,9,9,10,10,10,0,7,4,57,
72,Year 3,2-year,ELL 3,6,10,10,10,10,5,3,10,10,10,10,10,10,10,5,7,4,57,
42,Year 3,4-year,ELL 3,7,6,9,10,10,10,10,10,10,10,10,10,10,10,4,7,4,57,
44,Year 3,4-year,ELL 3,8,1,3,10,10,10,10,10,10,3,6,10,7,0,10,7,4,57,
6,Year 1,4-year,French,7,7,7,9,9,9,8,7,9,9,9,9,10,8,3,5,4,80,
15,Year 1,4-year,French,10,10,10,10,10,9,7,10,10,10,10,10,10,10,8,5,4,80,
20,Year 2,4-year,French,8,8,9,10,10,10,7,9,10,10,9,10,7,5,5,5,4,80,
101,Year 4,2-year,French,10,10,10,10,10,10,10,10,10,10,10,10,10,8,5,5,4,80,
21,Year 2,4-year,GER Adv,8,8,10,8,8,7,6,8,9,8,8,8,8,8,4,8,8,100,
35,Year 2,4-year,GER Adv,10,8,7,9,9,9,7,9,10,8,9,9,10,8,0,8,8,100,
24,Year 2,4-year,GER Adv,5,8,7,10,10,10,9,8,7,8,8,9,10,9,0,8,8,100,
25,Year 2,4-year,GER Adv,10,7,10,10,10,10,9,6,10,6,9,10,9,7,1,8,8,100,
27,Year 2,4-year,GER Adv,10,7,10,10,10,8,8,4,9,8,8,6,10,7,5,8,8,100,
29,Year 2,4-year,GER Adv,9,10,8,10,10,9,10,8,10,9,10,10,10,10,3,8,8,100,
30,Year 2,4-year,GER Adv,9,9,9,10,10,9,6,9,10,8,9,10,10,7,4,8,8,100,
77,Year 2,4-year,GER Adv,8,9,10,10,10,10,10,9,9,9,9,9,10,10,0,8,8,100,
8,Year 1,4-year,GER Beg,10,7,10,8,9,8,6,10,10,10,10,10,10,10,2,3,3,100,Darinka is such a lovely teacher! 
12,Year 1,4-year,GER Beg,10,10,10,10,10,10,9,10,10,10,10,10,10,10,1,3,3,100,
13,Year 1,4-year,GER Beg,10,9,8,10,10,10,9,8,10,10,10,10,10,10,1,3,3,100,
63,Year 3,2-year,LEAF Core: CES-Civics & Law,10,10,10,10,10,10,10,10,10,9,10,10,10,10,1,20,9,45,
64,Year 3,2-year,LEAF Core: CES-Civics & Law,7,6,8,8,9,9,9,8,7,8,8,9,8,5,8,20,9,45,
71,Year 3,2-year,LEAF Core: CES-Civics & Law,8,10,9,8,8,9,8,9,7,10,10,8,10,10,0,20,9,45,
72,Year 3,2-year,LEAF Core: CES-Civics & Law,10,6,9,9,7,5,4,8,10,9,9,9,9,7,9,20,9,45,
76,Year 3,2-year,LEAF Core: CES-Civics & Law,10,6,10,10,10,8,6,10,10,10,10,10,10,10,10,20,9,45,
36,Year 3,4-year,LEAF Core: CES-Civics & Law,9,9,7,9,8,9,7,10,10,10,10,9,8,6,7,20,9,45,
41,Year 3,4-year,LEAF Core: CES-Civics & Law,8,9,9,10,10,10,10,9,9,9,9,10,10,10,0,20,9,45,"I enjoy this class a lot, I would even appreciate heavier workload or more complex assignments but as this is a LEAF Core class I understand if this is not a shared sentiment. "
54,Year 3,4-year,LEAF Core: CES-Civics & Law,8,8,10,9,9,8,9,9,10,9,9,8,10,6,4,20,9,45,
56,Year 3,4-year,LEAF Core: CES-Civics & Law,8,8,8,6,7,2,2,10,10,10,10,5,7,5,6,20,9,45,
59,Year 3,2-year,LEAF Core: CES-Contemporary Threats to Democracy,7,9,10,9,9,8,7,9,10,9,8,9,8,6,7,21,9,43,very interesting subject
65,Year 3,2-year,LEAF Core: CES-Contemporary Threats to Democracy,4,8,8,6,8,8,8,5,9,5,7,8,9,10,1,21,9,43,
68,Year 3,2-year,LEAF Core: CES-Contemporary Threats to Democracy,8,10,9,10,10,10,10,9,10,10,10,10,10,9,8,21,9,43,
38,Year 3,4-year,LEAF Core: CES-Contemporary Threats to Democracy,7,6,7,9,10,7,10,9,9,9,9,7,5,5,6,21,9,43,
39,Year 3,4-year,LEAF Core: CES-Contemporary Threats to Democracy,6,10,9,8,8,10,10,9,10,10,9,9,8,10,2,21,9,43,
45,Year 3,4-year,LEAF Core: CES-Contemporary Threats to Democracy,5,8,4,7,7,8,10,7,9,4,5,6,2,8,6,21,9,43,
46,Year 3,4-year,LEAF Core: CES-Contemporary Threats to Democracy,3,8,5,8,5,8,8,4,9,4,4,7,8,9,7,21,9,43,
50,Year 3,4-year,LEAF Core: CES-Contemporary Threats to Democracy,10,9,10,9,9,9,7,9,8,7,7,7,10,10,0,21,9,43,
57,Year 3,4-year,LEAF Core: CES-Contemporary Threats to Democracy,7,8,10,10,10,9,9,7,9,8,8,10,10,7,0,21,9,43,
60,Year 3,2-year,LEAF Core: Forecasting,6,4,5,7,10,8,6,5,7,6,5,8,5,5,5,20,9,45,
62,Year 3,2-year,LEAF Core: Forecasting,9,10,10,10,10,10,10,10,10,10,10,10,10,10,8,20,9,45,
70,Year 3,2-year,LEAF Core: Forecasting,6,6,7,7,6,7,9,9,10,10,10,10,7,9,8,20,9,45,
73,Year 3,2-year,LEAF Core: Forecasting,10,10,8,9,10,8,7,10,10,10,10,9,9,10,3,20,9,45,
74,Year 3,2-year,LEAF Core: Forecasting,9,7,9,10,7,7,7,6,9,8,8,9,8,8,4,20,9,45,I feel that i just need to work better in my responsabilities with sending assignments and spend time studying the subject. Sometimes i just feel lost.
75,Year 3,2-year,LEAF Core: Forecasting,5,4,10,9,10,10,10,8,10,9,8,7,10,8,3,20,9,45,
40,Year 3,4-year,LEAF Core: Forecasting,4,3,3,9,8,6,7,4,4,4,4,8,3,4,7,20,9,45,
42,Year 3,4-year,LEAF Core: Forecasting,4,5,4,3,2,8,10,5,9,8,8,6,3,10,4,20,9,45,
43,Year 3,4-year,LEAF Core: Forecasting,6,10,10,10,10,10,10,10,10,10,9,10,10,10,0,20,9,45,"we stan kurian, literal legend <3"
69,Year 3,2-year,LEAF Core: MMS,10,8,10,9,10,9,8,9,10,9,9,10,10,10,1,21,7,33,Thank you Dada for interesting and engaging classes) 
77,Year 3,2-year,LEAF Core: MMS,7,7,8,8,8,7,7,8,9,8,8,8,7,6,2,21,7,33,
47,Year 3,4-year,LEAF Core: MMS,7,7,8,9,10,9,9,9,9,8,8,10,8,6,2,21,7,33,
48,Year 3,4-year,LEAF Core: MMS,8,9,9,10,10,10,10,10,9,7,8,10,8,9,0,21,7,33,
52,Year 3,4-year,LEAF Core: MMS,10,10,10,10,10,10,10,10,10,10,10,10,10,10,0,21,7,33,
53,Year 3,4-year,LEAF Core: MMS,8,10,10,10,10,10,10,10,10,8,8,10,7,5,5,21,7,33,
58,Year 3,4-year,LEAF Core: MMS,8,7,7,8,8,7,7,6,8,6,6,8,8,7,10,21,7,33,
1,Year 1,4-year,MATH 1,6,9,10,8,9,10,10,10,10,10,10,10,10,10,0,16,14,88,
2,Year 1,4-year,MATH 1,9,8,8,6,7,5,4,6,7,6,6,8,8,6,9,16,14,88,
3,Year 1,4-year,MATH 1,7,8,8,8,8,7,6,9,8,8,9,9,10,10,0,16,14,88,
4,Year 1,4-year,MATH 1,10,10,8,9,10,7,8,10,10,10,10,10,10,9,0,16,14,88,"I like this class, I like that we are divided into groups so it is more comfortable, I'm just not a math person and I have a lot of stress because of this class "
5,Year 1,4-year,MATH 1,5,10,8,6,5,7,6,4,8,5,6,7,3,8,10,16,14,88,
6,Year 1,4-year,MATH 1,9,8,8,9,8,6,8,8,8,9,7,9,10,9,0,16,14,88,
7,Year 1,4-year,MATH 1,2,3,10,9,10,10,10,4,10,6,5,10,3,5,10,16,14,88,
8,Year 1,4-year,MATH 1,9,10,10,7,7,5,5,6,9,10,10,10,10,10,10,16,14,88,Maggie is cool and nice! 
9,Year 1,4-year,MATH 1,9,10,1,10,10,4,2,7,10,10,10,10,8,10,10,16,14,88,
11,Year 1,4-year,MATH 1,9,8,10,9,8,6,7,8,8,7,8,9,6,8,8,16,14,88,
12,Year 1,4-year,MATH 1,10,9,9,10,10,8,8,9,10,10,9,9,9,10,1,16,14,88,I feel like I have learnt a lot in this class so far. :)
13,Year 1,4-year,MATH 1,8,6,6,7,6,8,8,8,9,8,9,8,8,10,5,16,14,88,
14,Year 1,4-year,MATH 1,1,1,10,5,7,9,10,10,10,6,4,1,5,10,10,16,14,88,data
15,Year 1,4-year,MATH 1,10,10,10,10,10,7,7,10,10,10,10,10,10,10,8,16,14,88,
17,Year 2,4-year,MATH 2A,8,7,6,7,7,7,8,7,9,8,9,7,6,6,8,7,7,100,
19,Year 2,4-year,MATH 2A,7,8,10,8,10,10,9,9,10,8,9,9,10,10,0,7,7,100,Maybe provide us with more additional sources of learning than only worksheets. Maybe Khan Academy or something! So we have bigger diversity of learning rather than only classes and papers.
23,Year 2,4-year,MATH 2A,8,6,7,7,7,7,7,7,7,7,7,6,7,6,7,7,7,100,
31,Year 2,4-year,MATH 2A,8,8,9,7,9,8,9,8,9,9,8,8,10,8,2,7,7,100,-
32,Year 2,4-year,MATH 2A,7,8,8,8,8,9,9,8,9,9,8,8,8,10,6,7,7,100,
33,Year 2,4-year,MATH 2A,10,10,10,10,10,10,10,10,10,10,10,10,10,10,6,7,7,100,
28,Year 2,3-year,MATH 2A,7,8,9,9,10,10,10,9,10,9,10,9,10,7,2,7,7,100,
21,Year 2,4-year,MATH 2B,7,8,8,5,4,5,5,7,8,8,8,7,9,9,1,9,7,78,
24,Year 2,4-year,MATH 2B,8,9,9,5,7,8,8,7,4,7,7,6,10,9,1,9,7,78,
26,Year 2,4-year,MATH 2B,10,9,7,7,7,7,7,8,9,8,8,8,7,1,9,9,7,78,
27,Year 2,4-year,MATH 2B,8,6,6,3,7,7,6,4,7,4,3,5,10,6,9,9,7,78,
30,Year 2,4-year,MATH 2B,7,5,6,3,5,5,6,2,4,6,4,5,6,7,7,9,7,78,"There's always confusion with homework, which doesn't happen in other subjects. Also there is problem in comunication, we came to class since teacher said she will be late, but she didn't come, we found out we're writing text at midnight the night before, because the communication was confusing."
35,Year 2,4-year,MATH 2B,6,5,6,3,4,2,2,7,6,7,8,6,9,8,0,9,7,78,
18,Year 2,3-year,MATH 2B,7,6,8,8,8,8,8,7,9,8,8,8,7,7,7,9,7,78,
1,Year 1,4-year,Math-CS 1A,10,10,10,10,10,10,10,10,10,10,10,10,10,10,0,9,8,89,
2,Year 1,4-year,Math-CS 1A,9,9,8,10,9,8,8,7,6,7,6,8,7,7,7,9,8,89,
4,Year 1,4-year,Math-CS 1A,9,10,10,10,10,10,8,10,10,10,10,10,8,8,0,9,8,89,"I like our lessons there is always a lot of jokes, always very funny and I can use information that we learn in real life "
7,Year 1,4-year,Math-CS 1A,1,10,6,10,10,10,10,9,10,8,1,10,10,10,10,9,8,89,
8,Year 1,4-year,Math-CS 1A,10,10,10,10,10,10,10,10,10,6,6,10,7,7,5,9,8,89,I appreciate that you have studied at the university of Edinburgh.
10,Year 1,4-year,Math-CS 1A,7,8,10,10,10,10,10,10,10,10,10,10,8,8,3,9,8,89,
13,Year 1,4-year,Math-CS 1A,10,9,9,9,10,10,9,10,9,10,10,10,9,10,2,9,8,89,
14,Year 1,4-year,Math-CS 1A,7,10,10,10,10,10,10,8,10,9,5,10,6,7,10,9,8,89,
3,Year 1,4-year,Math-CS 1B,7,8,9,10,9,9,9,8,10,8,8,9,10,10,1,8,7,88,
5,Year 1,4-year,Math-CS 1B,2,2,9,10,10,10,10,10,10,8,8,10,7,7,9,8,7,88,"
"
6,Year 1,4-year,Math-CS 1B,7,7,10,10,10,10,9,10,10,8,7,9,10,8,2,8,7,88,
9,Year 1,4-year,Math-CS 1B,6,3,6,10,10,10,6,5,10,10,10,10,5,9,10,8,7,88,
11,Year 1,4-year,Math-CS 1B,8,8,9,9,9,10,10,8,9,8,10,9,8,8,9,8,7,88,
15,Year 1,4-year,Math-CS 1B,10,10,10,10,10,9,8,10,10,10,10,10,10,10,8,8,7,88,
16,Year 1,4-year,Math-CS 1B,10,10,10,10,10,10,10,9,9,9,9,10,10,10,0,8,7,88,
17,Year 2,4-year,Math-CS 2A,9,9,9,10,10,10,9,9,9,8,10,9,7,3,2,9,6,67,
19,Year 2,4-year,Math-CS 2A,9,6,7,10,10,9,9,8,10,9,8,10,5,5,10,9,6,67,
23,Year 2,4-year,Math-CS 2A,9,8,8,10,10,9,8,9,8,8,7,9,8,7,7,9,6,67,
31,Year 2,4-year,Math-CS 2A,9,7,8,10,9,9,9,10,10,7,7,9,10,6,2,9,6,67,-
32,Year 2,4-year,Math-CS 2A,9,8,8,10,10,10,10,9,10,10,9,9,8,7,5,9,6,67,
28,Year 2,3-year,Math-CS 2A,10,8,7,7,8,9,9,8,7,7,9,9,9,2,3,9,6,67,
21,Year 2,4-year,Math-CS 2B,9,8,8,10,10,9,8,9,8,8,8,9,9,8,3,9,6,67,
22,Year 2,4-year,Math-CS 2B,8,8,5,10,10,10,10,10,10,10,8,10,6,5,7,9,6,67,
24,Year 2,4-year,Math-CS 2B,8,9,8,10,10,9,9,8,8,8,7,10,10,8,0,9,6,67,
29,Year 2,4-year,Math-CS 2B,9,10,9,10,10,10,10,9,10,9,9,10,10,10,3,9,6,67,
35,Year 2,4-year,Math-CS 2B,10,10,9,10,10,10,10,9,9,9,10,8,10,10,0,9,6,67,
18,Year 2,3-year,Math-CS 2B,7,7,9,9,9,8,7,8,9,8,8,9,9,9,7,9,6,67,
46,Year 3,4-year,NL-CZ 3+4,3,7,7,10,10,10,9,9,10,10,10,10,8,10,4,6,3,50,:D
58,Year 3,4-year,NL-CZ 3+4,7,5,6,9,9,9,8,6,9,7,7,9,8,10,8,6,3,50,
102,Year 4,2-year,NL-CZ 3+4,8,8,8,8,8,8,8,8,8,8,8,8,9,8,3,6,3,50,
2,Year 1,4-year,NL-SK 1,6,6,3,8,7,9,9,5,8,4,6,8,7,10,3,13,11,85,
3,Year 1,4-year,NL-SK 1,3,8,9,10,10,9,9,9,10,8,9,10,9,8,3,13,11,85,I really appreciate that I feel that I can approach our teacher anytime with anything. 
6,Year 1,4-year,NL-SK 1,6,6,8,8,9,9,8,8,10,7,7,8,9,8,2,13,11,85,
7,Year 1,4-year,NL-SK 1,8,5,10,10,10,10,10,8,10,9,7,10,2,5,10,13,11,85,
8,Year 1,4-year,NL-SK 1,5,7,6,10,10,10,10,10,10,7,10,10,10,10,10,13,11,85,
9,Year 1,4-year,NL-SK 1,6,1,10,10,10,5,5,4,9,8,9,7,10,10,10,13,11,85,
10,Year 1,4-year,NL-SK 1,4,8,7,10,10,9,9,9,9,7,6,10,10,10,8,13,11,85,
11,Year 1,4-year,NL-SK 1,4,6,6,8,9,7,8,8,10,6,7,9,6,10,8,13,11,85,
12,Year 1,4-year,NL-SK 1,6,7,8,9,9,9,9,9,10,10,9,9,9,10,7,13,11,85,
14,Year 1,4-year,NL-SK 1,10,7,10,1,1,10,5,5,10,1,1,5,0,0,10,13,11,85,"Jes, jes very mač"
15,Year 1,4-year,NL-SK 1,6,5,9,10,10,10,10,9,10,9,10,10,10,10,8,13,11,85,
17,Year 2,4-year,NL-SK 2A,6,7,7,9,10,9,9,8,9,8,7,9,5,4,2,9,8,89,
19,Year 2,4-year,NL-SK 2A,7,8,5,9,10,10,6,10,10,9,9,10,5,5,9,9,8,89,
20,Year 2,4-year,NL-SK 2A,5,7,9,10,10,10,10,7,9,8,7,10,9,5,5,9,8,89,
23,Year 2,4-year,NL-SK 2A,6,6,7,9,10,10,10,9,9,7,7,9,7,6,7,9,8,89,
25,Year 2,4-year,NL-SK 2A,6,6,6,7,8,10,10,7,10,7,7,9,8,6,3,9,8,89,
32,Year 2,4-year,NL-SK 2A,7,7,8,9,9,10,10,8,9,9,10,9,8,9,5,9,8,89,
33,Year 2,4-year,NL-SK 2A,10,10,1,10,10,10,10,10,6,10,10,10,7,8,6,9,8,89,
28,Year 2,3-year,NL-SK 2A,8,7,7,9,10,10,10,8,9,9,9,9,9,1,6,9,8,89,
21,Year 2,4-year,NL-SK 2B,8,8,6,5,5,5,4,7,8,8,8,6,8,7,3,8,8,100,
22,Year 2,4-year,NL-SK 2B,2,9,5,10,10,10,10,9,10,7,7,10,8,8,0,8,8,100,
24,Year 2,4-year,NL-SK 2B,4,5,2,8,8,8,8,5,7,7,6,7,7,7,2,8,8,100,"I don't really understand how the things that we do during our classes are supposed to teach me anything, they're nice and the topics create great discussions, but I receive no theory which this subject is full of and i feel like i'm falling behind my classmates at Slovak schools"
26,Year 2,4-year,NL-SK 2B,6,7,8,10,10,10,9,8,8,7,8,10,8,6,5,8,8,100,
27,Year 2,4-year,NL-SK 2B,3,9,6,7,7,8,8,4,6,4,5,9,6,5,6,8,8,100,
29,Year 2,4-year,NL-SK 2B,8,9,7,8,7,9,10,7,9,9,9,8,8,10,5,8,8,100,
30,Year 2,4-year,NL-SK 2B,7,8,9,8,10,7,6,8,9,8,9,9,6,10,6,8,8,100,"I think we spend too much time dissecting the texts, what every sentence means, i dont think thats that necesarry, or more like, i feel im not learning that much from it, i would more talk about it freely or follow up with some interactive activites"
35,Year 2,4-year,NL-SK 2B,4,2,2,5,6,6,4,6,6,4,6,4,8,7,0,8,8,100,
59,Year 3,2-year,NL-SK 3A,6,9,7,10,10,10,10,8,9,8,8,9,7,10,10,16,13,81,
65,Year 3,2-year,NL-SK 3A,6,5,7,9,10,9,8,7,8,9,7,8,3,10,3,16,13,81,
71,Year 3,2-year,NL-SK 3A,8,8,7,9,10,9,8,10,10,10,9,9,10,10,0,16,13,81,
72,Year 3,2-year,NL-SK 3A,8,7,9,10,10,9,7,9,10,10,10,10,10,10,4,16,13,81,
36,Year 3,4-year,NL-SK 3A,6,8,8,9,10,10,10,7,8,8,8,10,9,8,8,16,13,81,
37,Year 3,4-year,NL-SK 3A,4,3,4,6,8,8,8,4,7,6,7,8,6,6,9,16,13,81,
38,Year 3,4-year,NL-SK 3A,8,6,4,6,5,5,5,6,5,7,7,6,0,0,10,16,13,81,
39,Year 3,4-year,NL-SK 3A,7,9,8,10,10,8,8,10,9,10,10,10,9,9,1,16,13,81,
45,Year 3,4-year,NL-SK 3A,7,5,6,8,8,8,7,9,9,9,9,7,4,5,5,16,13,81,
50,Year 3,4-year,NL-SK 3A,5,8,6,9,10,10,10,9,8,8,8,9,8,8,2,16,13,81,
54,Year 3,4-year,NL-SK 3A,8,8,8,9,9,10,10,8,9,9,9,9,8,8,6,16,13,81,
56,Year 3,4-year,NL-SK 3A,7,5,7,10,10,9,9,9,9,2,8,8,5,8,10,16,13,81,
57,Year 3,4-year,NL-SK 3A,8,10,7,10,9,10,10,10,10,8,10,8,6,4,0,16,13,81,
60,Year 3,2-year,NL-SK 3B,5,7,8,10,10,10,10,7,10,8,6,7,10,10,0,15,14,93,
61,Year 3,2-year,NL-SK 3B,8,10,10,10,5,9,10,7,10,9,10,10,10,10,10,15,14,93,
63,Year 3,2-year,NL-SK 3B,8,4,10,10,10,10,9,10,10,10,10,10,5,3,6,15,14,93,
73,Year 3,2-year,NL-SK 3B,6,8,6,10,8,10,10,9,10,8,7,7,9,9,8,15,14,93,I want to prepare for the Slovak Maturita exam
75,Year 3,2-year,NL-SK 3B,6,4,5,8,9,8,8,7,7,7,8,9,10,7,5,15,14,93,
77,Year 3,2-year,NL-SK 3B,5,5,8,8,8,6,5,7,8,7,8,9,8,7,2,15,14,93,
41,Year 3,4-year,NL-SK 3B,10,10,10,10,10,10,10,10,10,10,10,10,10,10,0,15,14,93,I think that Viktor has a great approach and I really appreciate this class. I would appreciate more assigments but that might come as the year continues.
43,Year 3,4-year,NL-SK 3B,9,10,10,10,10,10,10,10,10,10,10,10,10,10,0,15,14,93,"fav teacher (not supposed to pick favs, but yeah). would trust you with my whole life. "
47,Year 3,4-year,NL-SK 3B,7,7,6,9,7,6,7,6,9,8,9,7,8,7,3,15,14,93,
48,Year 3,4-year,NL-SK 3B,5,8,6,8,9,9,3,7,10,8,7,9,7,6,9,15,14,93,
51,Year 3,4-year,NL-SK 3B,3,8,6,8,6,6,4,7,10,6,6,8,6,10,10,15,14,93,
52,Year 3,4-year,NL-SK 3B,8,10,10,10,10,10,10,10,10,10,10,10,8,8,2,15,14,93,
53,Year 3,4-year,NL-SK 3B,7,10,7,8,5,6,8,7,10,10,8,10,9,10,0,15,14,93,
55,Year 3,4-year,NL-SK 3B,8,7,9,10,10,10,8,9,8,9,10,10,7,8,5,15,14,93,
97,Year 4,2-year,NL-SK 4A,10,5,7,10,10,10,10,10,10,8,8,10,5,10,5,13,13,100,
103,Year 4,2-year,NL-SK 4A,3,1,3,7,10,8,10,7,10,7,4,10,6,10,10,13,13,100,
105,Year 4,2-year,NL-SK 4A,6,10,10,10,10,10,10,10,10,10,7,10,10,10,5,13,13,100,
109,Year 4,2-year,NL-SK 4A,6,6,7,9,10,10,10,7,10,8,7,10,10,10,0,13,13,100,
111,Year 4,2-year,NL-SK 4A,7,9,6,6,7,8,7,5,10,5,8,6,6,10,2,13,13,100,
82,Year 4,4-year,NL-SK 4A,4,9,3,7,8,8,10,5,10,4,3,7,10,5,10,13,13,100,
83,Year 4,4-year,NL-SK 4A,10,8,8,10,10,10,10,10,8,8,8,10,10,9,0,13,13,100,
86,Year 4,4-year,NL-SK 4A,1,1,3,2,1,1,1,1,9,5,1,1,10,10,0,13,13,100,
87,Year 4,4-year,NL-SK 4A,4,10,10,10,10,10,10,7,10,10,10,10,10,10,10,13,13,100,"Bolo by super mať viacej triednych aktivít ako čítanie so striedaním sa, prezentácie, diktáty, diskusie o sociálnych a lokálnych témach. Poprípade literárne diela potrebné na maturitu, môžeme si z nich čítať kratšie ukážky a sa o nich rozprávať :))"
88,Year 4,4-year,NL-SK 4A,5,8,6,6,9,9,7,7,7,5,7,8,7,4,9,13,13,100,
91,Year 4,4-year,NL-SK 4A,8,8,6,7,9,9,9,6,7,4,5,5,8,9,0,13,13,100,
93,Year 4,4-year,NL-SK 4A,10,10,10,10,10,10,10,5,10,7,9,10,10,10,2,13,13,100,
95,Year 4,4-year,NL-SK 4A,3,9,4,7,5,5,4,7,9,4,8,9,4,10,3,13,13,100,
96,Year 4,2-year,NL-SK 4B,5,10,8,8,10,10,10,7,10,6,10,8,6,6,8,15,14,93,
99,Year 4,2-year,NL-SK 4B,8,9,5,6,10,10,10,8,10,8,9,10,6,6,10,15,14,93,
104,Year 4,2-year,NL-SK 4B,3,2,1,5,6,9,9,3,9,5,4,7,5,10,1,15,14,93,
106,Year 4,2-year,NL-SK 4B,5,5,10,9,8,6,8,8,10,10,7,10,3,0,10,15,14,93,"hodiny sú pomerne oddychové, tak by to s non-AP predmetmi malo byť, takže som spokojná"
108,Year 4,2-year,NL-SK 4B,5,10,5,5,10,10,10,6,10,5,4,8,5,10,0,15,14,93,
110,Year 4,2-year,NL-SK 4B,6,4,4,6,9,8,8,4,9,3,5,7,7,9,5,15,14,93,
112,Year 4,2-year,NL-SK 4B,3,10,8,8,9,8,8,6,9,3,2,2,2,4,9,15,14,93,
114,Year 4,2-year,NL-SK 4B,6,9,5,10,10,10,10,9,9,7,7,9,5,10,3,15,14,93,
78,Year 4,4-year,NL-SK 4B,9,5,5,9,7,4,3,6,6,4,6,8,9,10,2,15,14,93,
79,Year 4,4-year,NL-SK 4B,7,7,7,8,10,8,6,8,10,4,3,9,6,10,0,15,14,93,
80,Year 4,4-year,NL-SK 4B,2,2,2,2,2,7,6,1,4,3,3,5,6,5,7,15,14,93,
85,Year 4,4-year,NL-SK 4B,4,9,7,8,9,8,9,7,8,7,7,9,5,8,10,15,14,93,
89,Year 4,4-year,NL-SK 4B,7,9,10,10,10,9,7,9,10,10,10,10,10,10,0,15,14,93,"It is an interesting take on the class this year, I can safely say that I look forward to it every time."
91,Year 4,4-year,NL-SK 4B,8,9,7,10,10,10,10,9,10,8,9,10,9,10,1,15,14,93,
20,Year 2,4-year,Pre-CALC,10,8,8,10,9,10,8,10,10,9,7,10,8,6,6,9,9,100,
25,Year 2,4-year,Pre-CALC,9,10,9,10,10,8,8,9,10,9,9,9,10,8,3,9,9,100,
66,Year 3,2-year,Pre-CALC,7,7,9,10,10,10,7,8,10,8,8,9,4,2,5,9,9,100,
70,Year 3,2-year,Pre-CALC,8,8,8,10,10,10,10,10,10,10,10,10,8,10,4,9,9,100,
72,Year 3,2-year,Pre-CALC,8,9,10,9,10,9,7,9,10,9,8,9,10,10,1,9,9,100,
75,Year 3,2-year,Pre-CALC,7,8,7,9,10,10,9,8,10,8,8,10,10,10,0,9,9,100,
47,Year 3,4-year,Pre-CALC,10,7,9,10,10,10,9,10,10,8,9,10,8,2,3,9,9,100,"Peťo is an amazing teacher, who communicates well with his students. There's not much to improve on his side. It's just the nature of the course and the ratio of material covered compared to the amount of class-time that hinders this class just a little bit."
100,Year 4,2-year,Pre-CALC,6,10,10,10,10,9,8,10,10,9,9,10,9,8,3,9,9,100,
107,Year 4,2-year,Pre-CALC,8,10,10,10,10,9,9,10,10,10,10,10,10,10,0,9,9,100,
2,Year 1,4-year,SCIE 1,9,9,6,7,7,5,5,5,6,6,5,8,6,5,8,16,14,88,
3,Year 1,4-year,SCIE 1,9,9,8,8,7,8,7,7,8,8,8,10,10,9,2,16,14,88,
4,Year 1,4-year,SCIE 1,10,7,10,8,6,7,9,6,10,6,10,10,9,7,0,16,14,88,"I don't like these classes, I don't feel comfortable and the teacher not explaining clearly enough "
5,Year 1,4-year,SCIE 1,3,6,9,8,9,7,7,5,10,3,4,8,10,10,3,16,14,88,
6,Year 1,4-year,SCIE 1,9,8,7,6,9,7,7,7,8,8,8,8,9,9,2,16,14,88,
7,Year 1,4-year,SCIE 1,5,7,10,10,10,10,10,3,10,5,5,10,6,5,8,16,14,88,
8,Year 1,4-year,SCIE 1,10,3,1,8,10,1,3,2,6,1,1,5,5,9,10,16,14,88,
9,Year 1,4-year,SCIE 1,10,8,5,5,6,3,1,7,9,8,10,9,5,8,10,16,14,88,
10,Year 1,4-year,SCIE 1,10,10,4,10,9,7,7,10,8,10,8,10,5,5,10,16,14,88,
11,Year 1,4-year,SCIE 1,10,6,6,7,8,5,7,6,10,7,9,9,5,6,9,16,14,88,
13,Year 1,4-year,SCIE 1,10,9,8,10,9,8,10,10,8,10,10,10,10,10,1,16,14,88,
14,Year 1,4-year,SCIE 1,1,1,10,5,6,8,10,10,10,10,5,9,10,10,10,16,14,88,
15,Year 1,4-year,SCIE 1,10,9,8,10,10,7,7,10,10,10,10,10,10,10,8,16,14,88,
16,Year 1,4-year,SCIE 1,10,7,8,10,10,10,10,8,9,7,7,10,10,10,8,16,14,88,
17,Year 2,4-year,SCIE 2A,8,7,7,9,8,7,8,9,10,7,8,8,5,3,2,9,8,89,
19,Year 2,4-year,SCIE 2A,10,9,8,8,8,7,7,10,9,10,7,8,10,9,2,9,8,89,Maybe a bit more easily explained presentations! they are very hard to understand but on internet its much essier to find explanations
20,Year 2,4-year,SCIE 2A,8,9,7,7,8,10,10,10,9,10,9,10,8,5,5,9,8,89,
23,Year 2,4-year,SCIE 2A,10,8,9,7,6,7,7,9,9,8,7,8,8,7,6,9,8,89,
25,Year 2,4-year,SCIE 2A,10,10,10,4,4,7,8,9,7,8,8,6,9,10,2,9,8,89,
32,Year 2,4-year,SCIE 2A,9,9,9,10,10,10,10,9,10,10,10,9,9,9,6,9,8,89,
33,Year 2,4-year,SCIE 2A,8,9,10,6,5,6,7,9,7,10,10,7,8,10,7,9,8,89,
28,Year 2,3-year,SCIE 2A,10,9,8,7,7,8,8,9,10,8,9,9,10,8,5,9,8,89,
21,Year 2,4-year,SCIE 2B,9,8,9,8,8,7,7,8,9,9,9,9,9,8,2,9,9,100,
22,Year 2,4-year,SCIE 2B,9,9,10,9,10,9,8,10,10,10,10,10,10,8,3,9,9,100,
24,Year 2,4-year,SCIE 2B,6,8,10,10,10,10,9,8,9,9,10,9,10,10,0,9,9,100,
26,Year 2,4-year,SCIE 2B,7,9,8,10,10,10,8,9,10,9,10,9,9,7,6,9,9,100,
27,Year 2,4-year,SCIE 2B,5,8,10,9,9,9,7,8,10,9,7,9,10,9,2,9,9,100,
29,Year 2,4-year,SCIE 2B,8,9,8,10,10,8,9,10,8,9,8,10,9,10,3,9,9,100,
30,Year 2,4-year,SCIE 2B,8,9,10,10,10,7,6,9,10,8,9,10,10,10,3,9,9,100,"I reallt like the class topics, i feel like i learn a lot but at the same time dont have to do any super hard and long homework. "
35,Year 2,4-year,SCIE 2B,5,7,9,10,10,10,10,9,10,9,10,8,9,8,0,9,9,100,
18,Year 2,3-year,SCIE 2B,7,7,7,9,9,6,5,7,8,8,7,9,7,6,9,9,9,100,
1,Year 1,4-year,SK as FL 1-3,8,10,10,10,10,10,10,10,10,10,10,10,10,10,0,11,11,100,
4,Year 1,4-year,SK as FL 1-3,4,10,10,10,10,8,9,10,10,10,10,10,10,10,0,11,11,100,"I very like this class, the book is good and interesting to learn  and Darinka explaining very good, I can use information in real life "
5,Year 1,4-year,SK as FL 1-3,7,9,10,10,10,10,10,8,10,9,9,10,10,8,7,11,11,100,
18,Year 2,3-year,SK as FL 1-3,7,6,8,10,10,7,4,8,9,8,4,8,8,8,5,11,11,100,
18,Year 2,3-year,SK as FL 1-3,7,6,7,9,9,8,6,8,9,8,6,8,7,7,6,11,11,100,
62,Year 3,2-year,SK as FL 1-3,10,10,10,10,10,10,10,10,10,10,10,10,10,10,10,11,11,100,
68,Year 3,2-year,SK as FL 1-3,9,8,10,9,9,10,9,7,9,10,10,10,9,7,10,11,11,100,
69,Year 3,2-year,SK as FL 1-3,9,10,10,10,10,10,9,9,10,10,10,10,10,10,0,11,11,100,"I just want to say thank you to Darinka for the positive mood all the time in the class, compassion, understanding and just great lessons"
70,Year 3,2-year,SK as FL 1-3,5,9,9,10,10,10,10,10,10,10,10,10,9,10,10,11,11,100,
76,Year 3,2-year,SK as FL 1-3,10,10,10,10,10,10,10,10,10,10,10,10,10,10,5,11,11,100,
42,Year 3,4-year,SK as FL 1-3,7,7,10,10,10,10,10,10,10,10,10,10,10,10,0,11,11,100,
98,Year 4,2-year,SK as FL 4,6,10,8,10,10,10,10,10,10,10,10,10,5,7,2,6,6,100,
100,Year 4,2-year,SK as FL 4,6,10,9,7,7,9,5,8,8,9,9,8,10,10,5,6,6,100,
101,Year 4,2-year,SK as FL 4,9,10,10,10,10,10,10,10,10,10,10,10,10,10,10,6,6,100,
115,Year 4,2-year,SK as FL 4,10,10,10,10,10,7,6,10,10,10,10,10,9,10,2,6,6,100,Darinka is great teacher and she has a great way of teaching the basic needs - only prob is mixing of people who can obviously talk or understand a lot of Slovak with people who are struggling more
81,Year 4,4-year,SK as FL 4,6,9,8,8,10,10,10,7,7,9,7,8,7,10,5,6,6,100,
94,Year 4,4-year,SK as FL 4,9,10,10,10,10,10,10,10,10,10,10,10,10,9,0,6,6,100,
